"Địa phương","2004 Tổng số","2004 Tiểu học","2004 Trung học cơ sở","2004 Trung học phổ thông","2005 Tổng số","2005 Tiểu học","2005 Trung học cơ sở","2005 Trung học phổ thông","2006 Tổng số","2006 Tiểu học","2006 Trung học cơ sở","2006 Trung học phổ thông","2007 Tổng số","2007 Tiểu học","2007 Trung học cơ sở","2007 Trung học phổ thông","2008 Tổng số","2008 Tiểu học","2008 Trung học cơ sở","2008 Trung học phổ thông","2009 Tổng số","2009 Tiểu học","2009 Trung học cơ sở","2009 Trung học phổ thông","2010 Tổng số","2010 Tiểu học","2010 Trung học cơ sở","2010 Trung học phổ thông","2011 Tổng số","2011 Tiểu học","2011 Trung học cơ sở","2011 Trung học phổ thông","2012 Tổng số","2012 Tiểu học","2012 Trung học cơ sở","2012 Trung học phổ thông","2013 Tổng số","2013 Tiểu học","2013 Trung học cơ sở","2013 Trung học phổ thông","2014 Tổng số","2014 Tiểu học","2014 Trung học cơ sở","2014 Trung học phổ thông","2015 Tổng số","2015 Tiểu học","2015 Trung học cơ sở","2015 Trung học phổ thông","2016 Tổng số","2016 Tiểu học","2016 Trung học cơ sở","2016 Trung học phổ thông","2017 Tổng số","2017 Tiểu học","2017 Trung học cơ sở","2017 Trung học phổ thông","2018 Tổng số","2018 Tiểu học","2018 Trung học cơ sở","2018 Trung học phổ thông","2019 Tổng số","2019 Tiểu học","2019 Trung học cơ sở","2019 Trung học phổ thông"
"CẢ NƯỚC",8234779,3691844,3193937,1348998,8085950,3523175,3094368,1468407,7887566,3407538,2965140,1514888,7669275,3284206,2830440,1556774,7434684,3230700,2661017,1542967,7337323,3322113,2515272,1499938,7304361,3392061,2416499,1495801,7301981,3447654,2388172,1466155,7226826,3444731,2363611,1418484,7301157,3559759,2401840,1339558,7396850,3611152,2489545,1296153,7540074,3735231,2506551,1298292,7618434,3733347,2552436,1332651,7809007,3847511,2617043,1344453,8107805,4081216,2651041,1375548,8326630,4173627,2734150,1418853
"Đồng bằng sông Hồng",1800170,717893,735542,346735,1731308,681668,682940,366700,1721504,677181,647368,396955,1658821,643719,612188,402914,1600051,640412,570575,389064,1565672,659365,539562,366745,1568819,678751,525869,364199,1547202,682721,511116,353365,1560389,712335,506683,341371,1574259,750439,505854,317966,1607205,769927,530263,307015,1652278,810529,535256,306493,1695734,835409,552093,308232,1759332,873756,573217,312359,1871907,946808,596405,328694,1943136,976309,624323,342504
"     Hà Nội",234827,94121,89340,51366,239113,98112,86497,54504,241347,97417,85401,58529,240592,96077,84156,60359,488082,198751,170130,119201,485850,212150,158904,114796,505581,226472,165515,113594,497023,229656,154842,112525,513238,248541,155902,108795,528336,266079,160720,101537,548183,274850,176227,97106,572800,291552,184703,96545,597450,301005,195897,100548,624013,318119,203927,101967,672351,344820,212789,114742,704813,356907,224723,123183
"     Hà Tây",254371,100725,99103,54543,237014,96394,93922,46698,244926,94796,88823,61307,237293,92354,84447,60492,..,..,..,..,..,..,..,..,..,..,..,..,..,..,..,..,..,..,..,..,..,..,..,..,..,..,..,..,..,..,..,..,..,..,..,..,..,..,..,..,..,..,..,..,..,..,..,..
"     Vĩnh Phúc",120518,48341,50528,21649,112226,43878,45226,23122,110052,43220,43465,23367,106803,41512,40781,24510,86190,34509,31386,20295,81513,35035,29736,16742,78414,35504,27095,15815,84034,37649,27193,19192,83646,38854,26444,18348,85921,41828,26702,17391,87770,43746,28099,15925,89511,45870,27942,15699,92983,47502,29952,15529,97059,49298,31851,15910,104409,53985,34089,16335,112015,56521,35368,20126
"     Bắc Ninh",107647,42343,42296,23008,105922,40643,40321,24958,104457,40055,37828,26574,99967,37898,35529,26540,97487,38374,33551,25562,91034,37801,32056,21177,94091,39445,30947,23699,92940,39517,31377,22046,92792,40921,30300,21571,92650,41955,29915,20780,95815,42933,32556,20326,96153,44826,30904,20423,97480,45676,31758,20046,101329,48232,32410,20687,106753,52539,33675,20539,107296,55496,34993,16807
"     Quảng Ninh",110014,47057,42417,20540,108634,44248,41337,23049,107161,44632,37906,24623,105348,41600,38895,24853,101924,41570,35931,24423,98486,41496,34508,22482,100059,42275,32381,25403,99050,45246,32195,21609,96447,43284,32160,21003,96482,46200,31764,18518,97568,47863,30913,18792,102779,50863,33023,18893,105864,53103,33376,19385,110041,55524,34885,19632,115677,59914,36219,19544,120857,61192,38736,20929
"     Hải Dương",161093,62358,68087,30648,154661,59555,61758,33348,149176,58501,57125,33550,145925,57822,54112,33991,140464,58140,49981,32343,135932,56573,47510,31849,132283,56486,46079,29718,131604,56578,46039,28987,134302,58996,46633,28673,130750,59653,44053,27044,132791,60731,45188,26872,135752,64586,44449,26717,138447,67589,44261,26597,144089,71458,45816,26815,151628,77389,47300,26939,155515,79537,48931,27047
"     Hải Phòng",162882,62562,66625,33695,157201,58518,62378,36305,153541,56158,58473,38910,148439,54164,54966,39309,142434,53495,50160,38779,138727,56632,46694,35401,137043,57848,43245,35950,132674,58516,42309,31849,134607,61164,43166,30277,137344,66749,42691,27904,141085,69618,44574,26893,147360,74129,45579,27652,152430,77892,47161,27377,159269,82127,49826,27316,172971,89292,53493,30186,181517,92171,56703,32643
"     Hưng Yên",113737,44165,48578,20994,108770,41588,43709,23473,106026,39337,40630,26059,101500,38139,38143,25218,94380,36691,34645,23044,93939,37425,34895,21619,89357,36698,31877,20782,89137,37673,31450,20014,86569,37929,29277,19363,87427,40064,28891,18472,87269,41127,29438,16704,89105,43230,28658,17217,91459,44812,29396,17251,95147,46763,30604,17780,101064,51311,32222,17531,105241,53631,34077,17533
"     Thái Bình",171054,68816,72309,29929,157692,61606,62190,33896,166357,68333,62350,35674,148140,58772,55040,34328,141096,56410,50509,34177,138884,58854,46425,33605,139481,60643,48047,30791,135380,57470,48057,29853,136306,58441,46833,31032,133136,60060,46006,27070,135894,60301,46793,28800,135606,62253,45163,28190,134581,62755,44743,27083,137983,63861,46213,27909,143472,68174,47387,27911,144435,67850,48035,28550
"     Hà Nam",79316,32071,33651,13594,77638,30225,31922,15491,73259,28918,29529,14812,72812,27772,27576,17464,68864,26854,25635,16375,67279,27572,24276,15431,65684,27707,22638,15339,64903,27863,21984,15056,64097,27983,21339,14775,64071,28873,21206,13992,63936,29100,21685,13151,64438,30074,21468,12896,65019,30400,21641,12978,66686,31587,22148,12951,69951,34277,22517,13157,72138,35745,23305,13088
"     Nam Định",189202,80142,80428,28632,182350,74451,75232,32667,178661,73944,71237,33480,169907,68092,66505,35310,164661,66467,62054,36140,160289,65755,58936,35598,155455,65405,54343,35707,153508,63584,53314,36610,149252,64600,51881,32771,148151,65976,50830,31345,147277,66923,50993,29361,147473,68951,49833,28689,147545,70213,49667,27665,149168,71137,50479,27552,154549,75527,50959,28063,157785,76279,52991,28515
"     Ninh Bình",95509,35192,42180,18137,90087,32450,38448,19189,86541,31870,34601,20070,82095,29517,32038,20540,74469,29151,26593,18725,73739,30072,25622,18045,71371,30268,23702,17401,66949,28969,22356,15624,69133,31622,22748,14763,69991,33002,23076,13913,69617,32735,23797,13085,71301,34195,23534,13572,72476,34462,24241,13773,74548,35650,25058,13840,79082,39580,25755,13747,81524,40980,26461,14083
"Trung du và miền núi phía Bắc",1127083,510387,435071,181625,1113166,486761,424055,202350,1078909,461920,410395,206594,1026969,446976,380919,199074,978416,440164,351780,186472,961884,444059,338257,179568,961651,460248,320028,181375,1003052,512875,312528,177649,950677,470958,315415,164304,975583,494144,318689,162750,984552,496519,329957,158076,1017021,519234,337316,160471,1044283,537406,344650,162227,1076968,555321,355658,165989,1125068,588696,367087,169285,1163156,608440,379790,174926
"     Hà Giang",68476,41079,19728,7669,71767,41075,22815,7877,68422,37589,22715,8118,66465,35795,22555,8115,65570,35306,21952,8312,65420,35314,21855,8251,65477,35850,21508,8119,118675,89483,21138,8054,67481,37971,21764,7746,72595,42797,21974,7824,67614,37884,22093,7637,72063,41889,22742,7432,74100,43612,23253,7235,76337,44873,23942,7522,78636,46561,24594,7481,81646,47882,26025,7739
"     Cao Bằng",58357,25544,22196,10617,56531,23695,20893,11943,52645,22130,19474,11041,50143,21469,16853,11821,49604,21085,16555,11964,46213,20932,15348,9933,44297,20813,14416,9068,43278,20745,14136,8397,42257,20514,13746,7997,42412,21271,13551,7590,41798,21137,13587,7074,41994,21192,14014,6788,42122,21519,13937,6666,42841,21791,14374,6676,44275,22831,14635,6809,45102,23703,14598,6801
"     Bắc Kạn",34209,14272,12908,7029,32143,12912,12019,7212,29230,11650,11586,5994,28656,11569,11510,5577,26163,11116,9992,5055,25502,10597,9050,5855,24791,10990,8192,5609,23992,10985,7723,5284,23511,10964,7770,4777,23345,11303,7635,4407,23452,11330,7908,4214,23933,11598,8158,4177,24329,12143,8084,4102,24898,12553,8325,4020,26166,13671,8560,3935,27060,14332,8665,4063
"     Tuyên Quang",84457,32535,34168,17754,82390,30069,32095,20226,77813,28114,29614,20085,71305,27576,26605,17124,66045,27087,23391,15567,64174,27362,22117,14695,62653,27497,20992,14164,59419,25818,20174,13427,62192,29201,20354,12637,61963,29415,20485,12063,62498,29600,21294,11604,65620,32021,21798,11801,67333,33581,21767,11985,69516,35025,22398,12093,73069,37547,22845,12677,74536,37951,23791,12794
"     Lào Cai",65603,34118,24714,6771,64877,31861,24929,8087,64492,30854,24616,9022,62124,30103,23240,8781,59406,28997,22103,8306,57724,28631,21332,7761,60463,31901,20484,8078,60155,30989,20780,8386,59901,31318,20380,8203,61964,33131,20669,8164,62788,33544,21166,8078,65310,35233,21809,8268,67119,35957,22532,8630,69325,36656,23654,9015,71383,38005,24324,9054,74196,39070,25569,9557
"     Yên Bái",78568,36356,29711,12501,77015,33886,28953,14176,74906,31724,28359,14823,70254,30722,26621,12911,66137,30500,24206,11431,64147,30776,22571,10800,63719,31667,21151,10901,63849,32248,21109,10492,64407,32997,21603,9807,65564,34163,22006,9395,66780,34549,23071,9160,68700,35401,23906,9393,70576,36578,24475,9523,72524,37443,25262,9819,75481,39077,26234,10170,74457,40420,26666,7371
"     Thái Nguyên",105540,42158,43911,19471,101237,39655,39992,21590,97451,38060,38912,20479,94386,37708,34708,21970,89435,37899,32366,19170,91369,38195,32892,20282,88879,41260,29503,18116,86395,38268,28243,19884,82538,37566,28338,16634,89772,41684,29583,18505,90721,42133,30652,17936,93755,44896,30683,18176,96952,47319,30986,18647,100631,49761,31907,18963,105988,53463,33005,19520,95307,56042,34547,4718
"     Lạng Sơn",88434,38034,35887,14513,85805,34151,35218,16436,79533,30967,33372,15194,76819,29250,30922,16647,71847,27827,28299,15721,68975,27573,25923,15479,66334,27774,23081,15479,64886,27440,22313,15133,63598,27296,21524,14778,62726,27894,20914,13918,62238,27677,21264,13297,62758,28207,21373,13178,63419,29176,21455,12788,64669,30327,21613,12729,66902,32356,21719,12827,72245,33911,21684,16650
"     Bắc Giang",159211,59399,71676,28136,160805,63322,65175,32308,162222,61707,64494,36021,147682,58299,56624,32759,135833,55771,49240,30822,135001,57753,48417,28831,136241,57690,47367,31184,134203,57039,46914,30250,132051,57312,46495,28244,132995,59185,45640,28170,133322,59897,46118,27307,135569,62533,45390,27646,137954,64962,45149,27843,141309,67603,45733,27973,148468,73659,46898,27911,137501,78618,48333,10550
"     Phú Thọ",133706,51706,56052,25948,127828,47827,52751,27250,123088,45139,49861,28088,115425,44202,45144,26079,108103,44099,40657,23347,104750,45294,38227,21229,104396,46205,34365,23826,102653,46703,33934,22016,100009,47046,33830,19133,103165,50027,34048,19090,105569,51726,35320,18523,109610,54605,36300,18705,113479,57312,37086,19081,118117,60147,38083,19887,125125,65230,39497,20398,120948,66415,41195,13338
"     Điện Biên",41994,26187,11014,4793,44411,25088,13714,5609,44379,25376,12801,6202,44059,23677,13561,6821,44729,25041,14376,5312,47405,26071,15254,6080,48147,27262,14866,6019,49999,28354,15224,6421,51195,29279,15573,6343,52480,30112,16053,6315,54007,30372,17534,6101,55701,30999,18237,6465,57056,31297,19325,6434,58561,31804,20128,6629,60779,33197,20733,6849,75091,33952,21545,19594
"     Lai Châu",25344,17962,5856,1526,27020,18659,6482,1879,28997,19207,7513,2277,29863,19053,8217,2593,31053,19293,9096,2664,32540,19966,9927,2647,33764,20728,10363,2673,35553,21746,11038,2769,37689,22865,11870,2954,39814,24122,12482,3210,41912,24925,13471,3516,44036,25722,14554,3760,45679,26444,15339,3896,47470,26817,16575,4078,49370,27640,17382,4348,59050,28123,18046,12881
"     Sơn La",100647,57090,32620,10937,101986,53537,35699,12750,99800,49815,36042,13943,98292,48815,35611,13866,96481,48605,34075,13801,94565,48497,32962,13106,97770,51564,32343,13863,97793,54027,30497,13269,99800,56294,31066,12440,102265,58262,32214,11789,105632,59818,34350,11464,109795,61686,36141,11968,114155,63255,38348,12552,118533,64586,40100,13847,123850,67361,41826,14663,140500,69155,43582,27763
"     Hoà Bình",82537,33947,34630,13960,79351,31024,33320,15007,75931,29588,31036,15307,71496,28738,28748,14010,68010,27538,25472,15000,64099,27098,22382,14619,64720,29047,21397,14276,62202,29030,19305,13867,64048,30335,21102,12611,64523,30778,21435,12310,66221,31927,22129,12165,68177,33252,22211,12714,70010,34251,22914,12845,72237,35935,23564,12738,75576,38098,24835,12643,85517,38866,25544,21107
"Bắc Trung Bộ và Duyên hải miền Trung",2215251,956672,900385,358194,2178143,889160,889875,399108,2080133,830925,834161,415047,2004032,781267,795480,427285,1904342,743766,718789,441787,1854758,754329,663972,436457,1796502,746754,616994,432754,1747124,739294,590141,417689,1691145,734147,565014,391984,1666111,745570,558259,362282,1660477,753365,566045,341067,1665400,770900,565021,329479,1656829,756701,566212,333916,1683858,780018,572914,330926,1722789,821959,568759,332071,1769930,854543,577125,338262
"     Thanh Hoá",422675,165221,188242,69212,408056,147772,181684,78600,377253,136305,162389,78559,345941,122648,144247,79046,313774,117606,119716,76452,307528,125326,107118,75084,293690,118547,105951,69192,274863,116278,91270,67315,256484,110028,86488,59968,254874,112664,87317,54893,261083,118521,90854,51708,262609,122065,90119,50425,267336,126007,89570,51759,273169,130803,90564,51802,287617,143061,90653,53903,297686,151802,91828,54056
"     Nghệ An",351364,143025,150164,58175,358339,141191,148168,68980,338960,126524,142365,70071,319988,121054,131426,67508,297033,112746,115657,68630,282766,110279,106474,66013,271184,110281,94577,66326,259394,110297,88598,60499,253312,111498,85400,56414,248365,113604,82364,52397,246804,115444,82844,48516,250938,119681,84426,46831,252265,119033,85085,48147,258823,125091,86256,47476,272452,136142,88265,48045,283144,144851,89130,49163
"     Hà Tĩnh",168491,66217,68756,33518,157048,60121,65742,31185,154215,55133,64933,34149,146369,52273,59521,34575,138525,49329,53202,35994,133436,50227,49588,33621,125589,47861,44195,33533,122053,48410,41814,31829,115248,46662,39299,29287,110517,46551,36834,27132,108824,46943,36914,24967,109185,48674,36529,23982,108113,47976,36205,23932,109670,49837,36943,22890,113328,53753,36505,23070,116176,56821,36638,22717
"     Quảng Bình",104745,44772,42359,17614,100504,40823,41858,17823,98689,37209,40072,21408,90223,35038,34816,20369,88553,33182,33896,21475,86274,34603,30829,20842,83369,34605,28645,20119,80657,34817,27066,18774,78458,34291,26258,17909,77347,34522,25839,16986,77015,34199,26740,16076,77060,35251,26719,15090,76409,34386,26556,15467,77999,35674,26613,15712,80698,38135,26284,16279,83422,39568,26694,17160
"     Quảng Trị",75624,34247,29394,11983,74852,31890,29715,13247,73638,29719,29389,14530,72472,28431,28521,15520,69958,27424,26162,16372,67672,26358,24255,17059,65715,26774,22435,16506,63551,26358,21552,15641,61564,26110,20437,15017,61733,27351,20422,13960,61549,27641,20707,13201,61270,28139,20646,12485,60313,27343,20763,12207,61118,27834,20851,12433,49884,20757,16641,12486,57450,25971,19110,12369
"     Thừa Thiên Huế",125940,61558,46253,18129,125913,57841,47337,20735,124643,53906,47276,23461,120301,51044,46768,22489,115964,48697,42513,24754,114273,47854,41400,25019,111901,47274,39160,25467,111469,46694,38893,25882,105656,45168,35879,24609,102648,44811,34516,23321,100040,43922,34252,21866,98312,43557,34080,20675,95808,41513,33838,20457,96675,42882,33627,20166,98341,44773,33131,20437,99784,45953,33218,20613
"     Đà Nẵng",77487,32514,29360,15613,77479,31129,29385,16965,75521,29283,29382,16856,74371,28562,27641,18168,73988,28066,27468,18454,74015,30460,25203,18352,73802,31753,23518,18531,74585,33357,22971,18257,75918,35031,22526,18361,77077,37160,23514,16403,78949,38792,24710,15447,81430,40536,25672,15222,83020,39823,27461,15736,86866,42188,29016,15662,92219,45693,30280,16246,95813,47163,31459,17191
"     Quảng Nam",170047,75155,66207,28685,161654,66430,64563,30661,163562,65799,63432,34331,154619,59229,59889,35501,145090,53978,55275,35837,139553,53298,50730,35525,139954,55027,48053,36874,137096,54151,46653,36292,131433,53629,44417,33387,130528,54271,43535,32722,128915,55063,43116,30736,128192,56527,42355,29310,126162,54687,42328,29147,127738,56901,42344,28493,128478,60183,42634,25661,131877,61190,43342,27345
"     Quảng Ngãi",141425,62989,56027,22409,138726,56489,57137,25100,137092,53829,56026,27237,127853,49433,52645,25775,123366,47026,47215,29125,120127,46916,43997,29214,113922,46412,38877,28633,108953,43773,37202,27978,107139,45633,35251,26255,104300,46943,34012,23345,102972,47228,34230,21514,104649,48849,35327,20473,102649,46918,35335,20396,104250,47506,36304,20440,105262,48842,36097,20323,105664,48228,36826,20610
"     Bình Định",168707,75187,68368,25152,167496,70143,68993,28360,141871,66403,44774,30694,162131,63499,63401,35231,158027,60886,58958,38183,154505,60455,54520,39530,151504,60692,51118,39694,146182,59741,49521,36920,142529,58973,47630,35926,138124,59838,46706,31580,136544,59662,46777,30105,134809,60123,45907,28779,132337,57597,45452,29288,132880,57935,46134,28811,134496,59558,46304,28634,133773,58612,46342,28819
"     Phú Yên",86288,41068,31414,13806,91694,40232,35161,16301,90132,39646,34247,16239,89009,39168,32744,17097,87134,38094,31628,17412,84596,38389,29217,16990,84332,38527,28287,17518,89315,38642,31418,19255,83092,37050,28622,17420,82955,37088,29132,16735,82475,36129,29295,17051,82042,36261,28726,17055,80340,34411,28301,17628,80235,34650,28433,17152,81161,36149,27974,17038,81755,36987,27505,17263
"     Khánh Hoà",117251,54330,45788,17133,117307,52001,45097,20209,113413,49846,45183,18384,112209,47860,42918,21431,108963,46432,40138,22393,109439,49023,37580,22836,107907,49598,35989,22320,103039,46023,35346,21670,105537,49028,35582,20927,105940,49038,36714,20188,106018,48637,37613,19768,106324,49148,37285,19891,105464,47190,37612,20662,106248,47873,37641,20734,108146,50280,37096,20770,109143,51165,37118,20860
"     Ninh Thuận",68321,32847,27776,7698,64203,31120,24094,8989,61058,29615,23407,8036,61103,28461,22034,10608,59681,27665,20343,11673,58753,28142,19812,10799,53819,25900,16081,11838,58123,27748,18948,11427,57933,27711,18907,11315,56763,27699,18930,10134,56118,27302,19299,9517,56091,27491,19048,9552,55431,26619,19287,9525,55968,26994,19259,9715,55717,28217,17830,9670,57398,28909,18815,9674
"     Bình Thuận",136886,67542,50277,19067,134872,61978,50941,21953,130086,57708,51286,21092,127443,54567,48909,23967,124286,52635,46618,25033,121821,52999,43249,25573,119814,53503,40108,26203,117844,53005,38889,25950,116842,53335,38318,25189,114940,54030,38424,22486,113171,53882,38694,20595,112489,54598,38182,19709,111182,53198,38419,19565,112219,53850,38929,19440,114990,56416,39065,19509,116845,57323,39100,20422
"Tây Nguyên",586437,303766,202617,80054,593444,294989,207558,90897,582263,283303,208266,90694,597276,278324,213361,105591,585527,272577,207735,105215,571277,271667,198973,100637,569095,270784,193922,104389,569939,272213,193691,104035,564139,268893,190970,104276,564490,270113,190986,103391,569546,278198,192291,99057,572087,284483,188180,99424,570662,281048,189507,100107,577697,287071,192153,98473,589835,298471,194877,96487,597635,299009,200524,98102
"     Kon Tum",47679,26694,15143,5842,49898,26238,17053,6607,47107,23497,17413,6197,49776,24619,18284,6873,49043,24369,17644,7030,49241,24679,17647,6915,50209,25073,17621,7515,50652,24977,17684,7991,57787,32274,17933,7580,53295,27323,18498,7474,53629,27463,18622,7544,54650,28296,18628,7726,55234,28359,19088,7787,56767,29135,19601,8031,58255,30431,19929,7895,59428,30697,20593,8138
"     Gia Lai",131656,74566,41256,15834,134249,73652,42782,17815,132362,72109,44546,15707,137259,71814,45442,20003,137577,71304,45377,20896,136607,71890,43317,21400,145976,78802,43882,23292,144298,76023,45224,23051,145786,77482,45577,22727,148664,79006,47730,21928,149963,79729,48905,21329,150795,80291,49054,21450,151020,78886,50119,22015,152965,79219,51493,22253,156197,81480,52052,22665,158263,81891,53174,23198
"     Đắk Lắk",226236,111639,82623,31974,226538,106124,81726,38688,225524,101718,83359,40447,220758,96461,80527,43770,213061,91725,77402,43934,201262,90839,73750,36673,194144,87662,69475,37007,191463,86157,68832,36474,181635,77421,66427,37787,180722,79050,62511,39161,182604,84099,62479,36026,182195,86093,60464,35638,179240,84506,59505,35229,180662,86982,59762,33918,182636,90834,59858,31944,184914,91313,61317,32284
"     Đắk Nông",48528,27441,15997,5090,48363,27359,16902,4102,48511,26225,15491,6795,54151,26866,17954,9331,56364,28336,19023,9005,55487,27922,18276,9289,56642,28247,18797,9598,57650,28476,19227,9947,58413,29073,19425,9915,59041,29793,19385,9863,60476,30701,19940,9835,61706,31749,19754,10203,62451,31736,20199,10516,63744,32747,20460,10537,65927,34114,21248,10565,65600,32862,21873,10865
"     Lâm Đồng",132338,63426,47598,21314,134396,61616,49095,23685,128759,59754,47457,21548,135332,58564,51154,25614,129482,56843,48289,24350,128680,56337,45983,26360,122124,51000,44147,26977,125876,56580,42724,26572,120518,52643,41608,26267,122768,54941,42862,24965,122874,56206,42345,24323,122741,58054,40280,24407,122717,57561,40596,24560,123559,58988,40837,23734,126820,61612,41790,23418,129430,62246,43567,23617
"Đông Nam Bộ",999865,462181,366907,170777,1012654,461818,366686,184150,1015834,464071,368237,183526,1008174,453984,360167,194023,1015449,462008,351342,202099,1029812,491803,339052,198957,1041477,511807,331042,198628,1064588,521177,341805,201606,1080552,538336,340317,201899,1121137,566383,362706,192048,1160217,584600,384869,190748,1206417,615213,393630,197574,1232137,613375,409015,209747,1279607,640897,424949,213761,1342817,690353,433502,218962,1388380,703715,456154,228511
"     Bình Phước",85037,44037,30929,10071,87193,43733,30738,12722,85378,43087,28797,13494,86968,42483,29505,14980,86485,42808,28647,15030,84049,41688,28191,14170,87149,44440,27385,15324,87374,44119,27890,15365,85438,44636,25615,15187,90013,45783,29672,14558,91174,46708,30255,14211,92653,47854,30270,14529,92421,46619,30476,15326,94474,47147,31428,15899,97228,48974,32386,15868,98934,49402,33260,16272
"     Tây Ninh",92403,45733,36032,10638,92159,43219,34518,14422,88649,42248,33439,12962,89148,41666,31839,15643,86929,40685,31135,15109,86938,42030,29574,15334,86513,42867,28455,15191,86359,42939,28850,14570,85542,43229,28250,14063,87518,44613,29508,13397,87778,45626,29027,13125,90634,46599,30564,13471,91347,45681,31209,14457,93054,46186,32080,14788,95340,48139,32038,15163,96254,47436,33220,15598
"     Bình Dương",73681,32398,26848,14435,75437,32902,27063,15472,75196,33942,27451,13803,76248,35023,26797,14428,76391,37256,25927,13208,78217,40839,24914,12464,81340,44140,24693,12507,86740,48295,26421,12024,92967,52658,27770,12539,101744,58837,30583,12324,112242,64660,34385,13197,122642,72087,36529,14026,131745,75040,41037,15668,143833,82389,45300,16144,158954,92713,48944,17297,170171,98151,54042,17978
"     Đồng Nai",231561,104521,88697,38343,233715,104521,89422,39772,234563,104011,89147,41405,216672,95818,81091,39763,217541,93079,78946,45516,217587,97985,74441,45161,214876,101125,71013,42738,216410,101791,71460,43159,218220,103643,71340,43237,222922,108877,73907,40138,228266,112839,76865,38562,237155,119325,77724,40106,241746,120372,79485,41889,250342,126054,82249,42039,259134,134454,83677,41003,271744,139512,88949,43283
"     Bà Rịa - Vũng Tàu",96496,43974,35325,17197,96235,41932,35571,18732,96344,41848,35882,18614,95313,40554,34806,19953,94621,40959,33356,20306,93420,42497,31348,19575,93581,43715,29953,19913,93441,43899,30337,19205,93779,44432,30047,19300,94087,45851,30907,17329,96596,46732,32757,17107,98143,48048,32856,17239,98041,46862,33553,17626,101071,49077,34088,17906,105217,52185,33956,19076,107879,53684,35303,18892
"     TP.Hồ Chí Minh",420687,191518,149076,80093,427915,195511,149374,83030,435704,198935,153521,83248,443825,198440,156129,89256,453482,207221,153331,92930,469601,226764,150584,92253,478018,235520,149543,92955,494264,240134,156847,97283,504606,249738,157295,97573,524853,262422,168129,94302,544161,268035,181580,94546,565190,281300,185687,98203,576837,278801,193255,104781,596833,290044,199804,106985,626944,313888,202501,110555,643398,315530,211380,116488
"Đồng bằng sông Cửu Long",1505973,740945,553415,211613,1457235,708779,523254,225202,1406783,690138,496713,219932,1374003,679936,468325,225742,1350899,671773,460796,218330,1353920,700890,435456,217574,1366817,723717,428644,214456,1370076,719374,438891,211811,1379924,720062,445212,214650,1399577,733110,465346,201121,1414853,728543,486120,200190,1426871,734872,487148,204851,1418789,709408,490959,218422,1431545,710448,498152,222945,1455389,734929,490411,230049,1464393,731611,496234,236548
"     Long An",127364,58891,48649,19824,123249,56433,45976,20840,120708,55083,45112,20513,120367,53859,43280,23228,120245,55831,43255,21159,119783,56390,40260,23133,122097,58524,39640,23933,121255,59054,39398,22803,122310,59916,39288,23106,123746,61392,40859,21495,125751,61377,43530,20844,128321,63162,44355,20804,129277,62011,45392,21874,132061,63117,46355,22589,135333,66153,45675,23505,137891,67017,46750,24124
"     Tiền Giang",146022,67271,55561,23190,142667,65539,52587,24541,139366,64948,52219,22199,138070,64487,49084,24499,136861,63399,49141,24321,136505,67101,46124,23280,136950,67648,46295,23007,137767,67595,47119,23053,137798,67984,46845,22969,139365,68496,48575,22294,140343,67173,50855,22315,141181,67843,50790,22548,139541,64621,50858,24062,140096,64762,51111,24223,141968,66770,49633,25565,140677,65667,49578,25432
"     Bến Tre",120183,51102,46080,23001,117132,49085,43996,24051,111127,47472,43072,20583,109887,46467,40785,22635,106573,45416,39061,22096,106035,47843,36019,22173,104354,48581,34321,21452,100987,46285,34279,20423,101332,47678,33915,19739,100626,47437,35360,17829,100774,46242,36965,17567,100828,46447,36813,17568,99310,44341,36581,18388,99969,45092,36304,18573,101210,46893,34874,19443,101555,47229,34883,19443
"     Trà Vinh",88877,40156,34735,13986,81961,38055,29318,14588,77178,37317,26814,13047,75399,37726,24654,13019,73123,36616,24187,12320,72365,38123,23607,10635,73507,39343,24004,10160,74104,39062,25365,9677,74184,39287,25463,9434,76097,39397,26418,10282,77541,39589,27416,10536,78652,40037,27493,11122,79342,39659,27595,12088,80798,40251,28023,12524,83053,42084,27776,13193,84224,42229,27938,14057
"     Vĩnh Long",96009,39654,37450,18905,91965,37705,34361,19899,88578,37784,32120,18674,81340,37426,24947,18967,83267,35447,29723,18097,84467,38562,28217,17688,82967,38757,27053,17157,81445,37990,26489,16966,81187,37665,26893,16629,81933,38641,28147,15145,82274,37972,29322,14980,82712,39076,28538,15098,82179,38026,28063,16090,83424,38512,28727,16185,84586,40035,28130,16421,85360,40252,28904,16204
"     Đồng Tháp",150249,71728,58917,19604,143444,67692,54912,20840,140501,67050,50674,22777,139400,66986,48469,23945,130332,64943,45777,19612,134197,67142,43237,23818,133918,68794,43160,21964,134363,68655,44356,21352,134903,69305,43783,21815,135628,70378,45347,19903,137568,70873,46389,20306,138607,71952,46312,20343,137185,68503,47165,21517,137714,67708,48506,21500,140462,69538,48333,22591,140257,67754,49409,23094
"     An Giang",179307,95622,60702,22983,172792,90124,59249,23419,160518,85727,52897,21894,164507,82864,59076,22567,160974,83900,54620,22454,158293,85418,50689,22186,162795,88471,51426,22898,165762,89747,52271,23744,169336,91404,53279,24653,172038,93762,54955,23321,174096,94924,56320,22852,176391,96221,56933,23237,176506,92888,58890,24728,177047,91344,60691,25012,179013,92512,61528,24973,180817,91092,63156,26569
"     Kiên Giang",154691,82964,54194,17533,151683,79633,53433,18617,148640,76327,52179,20134,146174,76946,48783,20445,142619,74623,47247,20749,140289,77529,44475,18285,139551,78937,42539,18075,138597,76995,43505,18097,139974,76836,44539,18599,140737,77065,45945,17727,142124,77377,47514,17233,143064,77870,47104,18090,142108,75972,47115,19021,143644,75987,48051,19606,146287,79424,47215,19648,148953,80178,48384,20391
"     Cần Thơ",87848,42967,32656,12225,87121,41513,31598,14010,84799,39748,31267,13784,84142,39742,29879,14521,83910,40234,28967,14709,85514,43525,27379,14610,85820,44728,26851,14241,86673,44736,27643,14294,86741,44818,27368,14555,89733,46817,29272,13644,91359,47309,30757,13293,93595,48439,31118,14038,93860,46825,31746,15289,95538,46992,32901,15645,97303,48371,32927,16005,98231,48586,33189,16456
"     Hậu Giang",64630,32542,24546,7542,62780,30805,23118,8857,61857,30843,21711,9303,60225,30187,20454,9584,57648,29781,19394,8473,57701,30696,18664,8341,58588,32163,18439,7986,58314,32268,18647,7399,57671,29334,19585,8752,62609,33713,20770,8126,62992,32956,21946,8090,63563,33461,21553,8549,63702,32346,22016,9340,64095,32057,22561,9477,65114,33126,22196,9792,65569,33223,22431,9915
"     Sóc Trăng",113915,63486,37855,12574,109925,59363,36451,14111,106527,57502,34455,14570,96041,56661,29019,10361,97315,50866,32631,13818,98065,52688,31478,13899,102914,59003,30068,13843,104674,58781,31756,14137,105959,58831,33188,13940,107649,59571,34818,13260,107953,58716,35823,13414,107904,58248,36034,13622,106830,56301,36271,14258,107261,56535,36395,14331,108573,58755,35607,14211,108039,57444,35657,14938
"     Bạc Liêu",65782,34305,24572,6905,69671,37405,23827,8439,67650,36215,22581,8854,61219,32938,19581,8700,64135,36145,19727,8263,64365,38158,18441,7766,65191,39380,18183,7628,66310,39002,19529,7779,67821,39012,21016,7793,68223,38527,22474,7222,68589,37657,23778,7154,68213,36762,23941,7510,66964,35191,23643,8130,67261,35371,23433,8457,68034,36787,22458,8789,68469,36983,22282,9204
"     Cà Mau",111096,60257,37498,13341,102845,55427,34428,12990,99334,54122,31612,13600,97232,53647,30314,13271,93897,54572,27066,12259,96341,57715,26866,11760,98165,59388,26665,12112,99825,59204,28534,12087,100708,57992,30050,12666,101193,57914,32406,10873,103489,56378,35505,11606,103840,55354,36164,12322,101985,52724,35624,13637,102637,52720,35094,14823,104453,54481,34059,15913,104351,53957,33673,16721
"Số nữ học sinh trung học phổ thông trong các trường đại học chưa phân vào các địa phương",..,..,..,..,..,..,..,..,2140,..,..,2140,2145,..,..,2145,..,..,..,..,..,..,..,..,..,..,..,..,..,..,..,..,..,..,..,..,..,..,..,..,..,..,..,..,..,..,..,..,..,..,..,..,..,..,..,..,..,..,..,..,..,..,..,..
