"Tỉnh, thành phố","Tổng số 1995","Tổng số 1996","Tổng số 1997","Tổng số 1998","Tổng số 1999","Tổng số 2000","Tổng số 2001","Tổng số 2002","Tổng số 2003","Tổng số 2004","Tổng số 2005","Tổng số 2006","Tổng số 2007","Tổng số 2008","Tổng số 2009","Tổng số 2010","Tổng số 2011","Tổng số 2012","Tổng số 2013","Tổng số 2014","Tổng số 2015","Tổng số 2016","Tổng số 2017","Tổng số 2018","Tổng số Sơ bộ 2019","Nam 1995","Nam 1996","Nam 1997","Nam 1998","Nam 1999","Nam 2000","Nam 2001","Nam 2002","Nam 2003","Nam 2004","Nam 2005","Nam 2006","Nam 2007","Nam 2008","Nam 2009","Nam 2010","Nam 2011","Nam 2012","Nam 2013","Nam 2014","Nam 2015","Nam 2016","Nam 2017","Nam 2018","Nam Sơ bộ 2019","Nữ 1995","Nữ 1996","Nữ 1997","Nữ 1998","Nữ 1999","Nữ 2000","Nữ 2001","Nữ 2002","Nữ 2003","Nữ 2004","Nữ 2005","Nữ 2006","Nữ 2007","Nữ 2008","Nữ 2009","Nữ 2010","Nữ 2011","Nữ 2012","Nữ 2013","Nữ 2014","Nữ 2015","Nữ 2016","Nữ 2017","Nữ 2018","Nữ Sơ bộ 2019","Thành thị 1995","Thành thị 1996","Thành thị 1997","Thành thị 1998","Thành thị 1999","Thành thị 2000","Thành thị 2001","Thành thị 2002","Thành thị 2003","Thành thị 2004","Thành thị 2005","Thành thị 2006","Thành thị 2007","Thành thị 2008","Thành thị 2009","Thành thị 2010","Thành thị 2011","Thành thị 2012","Thành thị 2013","Thành thị 2014","Thành thị 2015","Thành thị 2016","Thành thị 2017","Thành thị 2018","Thành thị Sơ bộ 2019","Nông thôn 1995","Nông thôn 1996","Nông thôn 1997","Nông thôn 1998","Nông thôn 1999","Nông thôn 2000","Nông thôn 2001","Nông thôn 2002","Nông thôn 2003","Nông thôn 2004","Nông thôn 2005","Nông thôn 2006","Nông thôn 2007","Nông thôn 2008","Nông thôn 2009","Nông thôn 2010","Nông thôn 2011","Nông thôn 2012","Nông thôn 2013","Nông thôn 2014","Nông thôn 2015","Nông thôn 2016","Nông thôn 2017","Nông thôn 2018","Nông thôn Sơ bộ 2019"
"CẢ NƯỚC",71995.5,73156.7,74306.9,75456.3,76596.7,77630.9,78620.5,79537.7,80467.4,81436.4,82392.1,83311.2,84218.5,85118.7,86025.0,86947.4,87860.4,88809.3,89759.5,90728.9,92228.6,93250.7,94286.0,95385.2,96484.0,35237.4,35857.3,36473.1,37089.7,37662.1,38165.3,38656.4,39112.2,39535.0,40042.0,40521.5,40999.0,41447.3,41956.1,42523.4,42993.5,43446.8,43908.2,44364.9,44758.1,45753.8,46294.7,46848.0,47427.1,48017.7,36758.1,37299.4,37833.8,38366.6,38934.6,39465.6,39964.1,40425.5,40932.4,41394.4,41870.6,42312.2,42771.2,43162.6,43501.6,43953.9,44413.6,44901.1,45394.6,45970.8,46474.8,46956.0,47438.0,47958.1,48466.3,14938.1,15419.9,16835.4,17464.6,18081.6,18725.4,19299.1,19873.2,20725.0,21601.2,22332.0,23045.8,23746.3,24673.1,25584.7,26515.9,27719.3,28269.2,28874.9,30035.4,30881.9,31397.0,31928.3,32636.9,33816.6,57057.4,57736.8,57471.5,57991.7,58515.1,58905.5,59321.4,59664.5,59742.4,59835.2,60060.1,60265.4,60472.2,60445.6,60440.3,60431.5,60141.1,60540.1,60884.6,60693.5,61346.7,61853.7,62357.7,62748.3,62667.4
"Ðồng bằng sông Hồng",17078.4,17289.8,17494.8,17692.9,17877.8,18060.7,18249.9,18432.9,18617.5,18807.9,18976.7,19108.9,19228.8,19473.7,19618.1,19851.9,20066.1,20274.9,20481.9,20705.2,21368.4,21669.2,21968.6,22290.7,22620.2,8300.1,8416.9,8530.3,8645.4,8743.4,8840.5,8934.4,9026.6,9116.3,9213.1,9308.2,9369.0,9432.0,9544.7,9649.9,9760.2,9907.1,9962.3,10089.5,10149.6,10554.0,10710.8,10870.9,11036.4,11214.5,8778.3,8872.9,8964.5,9047.5,9134.4,9220.2,9315.5,9406.3,9501.2,9594.8,9668.5,9739.9,9796.8,9929.0,9968.2,10091.7,10159.1,10312.6,10392.4,10555.6,10814.4,10958.4,11097.7,11254.4,11405.7,3093.2,3229.7,3536.0,3690.1,3800.4,3923.8,4048.4,4224.9,4428.1,4764.9,4917.0,5041.6,5206.6,5584.4,5752.4,6050.4,6141.7,6339.0,6341.7,6735.6,7254.2,7411.7,7569.2,7773.5,8130.3,13985.2,14060.1,13958.8,14002.8,14077.4,14136.9,14201.5,14208.0,14189.4,14043.0,14059.7,14067.3,14022.2,13889.3,13865.7,13801.5,13924.5,13935.9,14140.2,13969.6,14114.1,14257.5,14399.4,14517.3,14489.9
"Hà Nội",2431.0,2492.9,2556.0,2621.5,2685.0,2767.7,2852.9,2928.3,3000.3,3071.4,3133.4,3184.8,3228.5,6381.8,6472.0,6633.6,6761.3,6865.2,6977.0,7095.9,7433.6,7590.8,7742.2,7914.5,8093.9,1213.4,1245.6,1278.1,1312.4,1343.8,1384.5,1427.1,1464.9,1500.5,1539.5,1568.0,1596.6,1618.3,3124.9,3180.0,3247.8,3342.8,3351.7,3424.2,3457.0,3672.2,3753.2,3831.5,3920.3,4012.7,1217.6,1247.3,1277.9,1309.1,1341.2,1383.2,1425.8,1463.4,1499.8,1531.9,1565.4,1588.2,1610.2,3256.9,3292.0,3385.8,3418.5,3513.4,3552.8,3638.9,3761.4,3837.6,3910.7,3994.2,4081.2,1274.9,1343.1,1455.8,1496.4,1552.1,1603.0,1650.0,1719.5,1830.2,1992.3,2046.1,2077.5,2106.5,2596.2,2652.8,2827.9,2864.8,2908.1,2826.5,3156.0,3650.5,3733.0,3810.0,3904.8,4000.3,1156.1,1149.8,1100.2,1125.1,1132.9,1164.7,1202.9,1208.8,1170.1,1079.1,1087.3,1107.3,1122.0,3785.6,3819.2,3805.7,3896.6,3957.0,4150.5,3939.9,3783.1,3857.7,3932.2,4009.6,4093.6
"Hà Tây",2299.0,2328.0,2353.0,2373.6,2391.7,2430.2,2475.5,2527.0,2587.3,2649.1,2702.9,2742.4,2773.7,..,..,..,..,..,..,..,..,..,..,..,..,1091.7,1109.4,1127.4,1143.8,1158.6,1183.8,1205.9,1231.0,1252.7,1276.7,1310.9,1321.7,1336.8,..,..,..,..,..,..,..,..,..,..,..,..,1207.3,1218.6,1225.6,1229.8,1233.1,1246.4,1269.6,1296.0,1334.6,1372.4,1392.0,1420.7,1436.9,..,..,..,..,..,..,..,..,..,..,..,..,162.4,169.8,179.0,184.5,192.5,194.5,203.7,211.2,216.8,270.1,278.6,285.7,291.5,..,..,..,..,..,..,..,..,..,..,..,..,2136.6,2158.2,2174.0,2189.1,2199.2,2235.7,2271.8,2315.8,2370.5,2379.0,2424.3,2456.7,2482.2,..,..,..,..,..,..,..,..,..,..,..,..
"Vĩnh Phúc",1048.2,1061.9,1075.8,1085.7,1094.3,1104.1,1114.1,1124.3,1134.1,1145.2,1157.0,1166.0,1174.1,993.8,1000.4,1007.6,1011.4,1022.4,1029.4,1041.9,1090.4,1106.1,1123.1,1138.4,1154.8,509.2,516.4,523.6,529.3,533.4,537.8,543.1,548.0,557.2,567.1,572.9,577.4,581.4,492.1,494.2,497.6,499.5,504.9,508.4,512.4,536.2,543.9,555.4,563.7,575.5,539.0,545.5,552.2,556.4,560.9,566.3,571.0,576.3,576.9,578.1,584.1,588.6,592.7,501.7,506.2,510.0,511.9,517.5,521.0,529.5,554.2,562.2,567.8,574.6,579.4,79.5,83.8,101.9,106.5,112.5,119.7,121.9,124.6,137.6,160.8,166.7,171.4,206.5,222.9,224.6,231.2,232.8,238.7,243.8,242.9,254.2,257.9,261.7,285.2,295.2,968.7,978.1,973.9,979.2,981.8,984.4,992.2,999.7,996.5,984.4,990.3,994.6,967.6,770.9,775.8,776.4,778.6,783.7,785.6,799.0,836.1,848.3,861.4,853.2,859.6
"Bắc Ninh",916.0,925.3,931.7,937.6,943.0,950.6,958.9,967.6,975.3,983.2,991.1,999.8,1009.4,1018.1,1026.5,1044.2,1063.4,1085.8,1108.2,1131.2,1218.5,1257.9,1297.8,1337.3,1378.6,432.6,439.5,445.4,451.1,456.4,461.6,465.6,469.9,472.0,478.7,481.7,486.8,491.4,498.0,503.9,514.0,522.9,534.1,544.5,556.2,600.4,620.2,640.3,657.8,681.0,483.4,485.8,486.3,486.5,486.6,489.0,493.3,497.7,503.3,504.5,509.4,513.0,518.0,520.1,522.6,530.2,540.5,551.7,563.7,575.0,618.1,637.6,657.4,679.6,697.6,41.3,46.6,58.5,88.0,88.9,96.4,106.8,118.4,131.1,145.1,160.7,178.1,197.4,218.8,241.5,270.2,277.1,282.3,289.3,311.4,336.1,345.5,355.3,365.6,380.9,874.7,878.7,873.2,849.6,854.1,854.2,852.1,849.2,844.2,838.1,830.4,821.7,812.0,799.3,785.0,774.0,786.3,803.4,818.8,819.8,882.4,912.4,942.5,971.7,997.7
"Quảng Ninh",941.7,958.0,974.4,991.4,1007.2,1024.2,1039.3,1054.4,1068.4,1081.8,1096.1,1109.3,1122.5,1135.1,1146.1,1157.2,1168.0,1177.7,1187.5,1199.4,1241.6,1261.2,1285.2,1303.9,1324.8,481.8,490.0,498.1,506.7,514.0,522.5,530.2,537.9,544.0,547.9,557.9,561.9,568.5,577.9,585.0,592.2,599.3,598.8,610.9,601.1,632.4,642.1,654.1,663.4,673.8,459.9,468.0,476.3,484.7,493.2,501.7,509.1,516.5,524.4,533.9,538.2,547.4,554.0,557.2,561.1,565.0,568.7,578.9,576.6,598.3,609.2,619.1,631.1,640.6,651.1,404.1,411.5,426.8,434.4,446.0,473.0,484.6,496.3,507.7,519.0,530.9,542.5,554.2,565.8,594.3,602.1,609.5,724.5,731.2,734.3,733.5,761.5,792.9,822.1,853.7,537.6,546.5,547.6,557.0,561.2,551.2,554.7,558.1,560.7,562.8,565.2,566.8,568.3,569.3,551.8,555.2,558.5,453.2,456.2,465.1,508.1,499.8,492.3,481.8,471.2
"Hải Dương",1609.1,1619.5,1630.5,1641.3,1651.0,1656.9,1662.7,1668.1,1673.7,1680.4,1685.5,1689.7,1694.7,1700.8,1706.8,1716.4,1729.8,1741.7,1751.8,1763.2,1812.8,1832.8,1850.6,1877.7,1896.9,785.0,790.3,795.1,799.1,802.0,800.0,802.5,806.5,809.3,813.0,821.7,824.6,827.7,831.4,835.1,841.1,847.6,853.4,856.9,862.8,895.3,906.6,916.8,931.7,942.7,824.1,829.2,835.4,842.2,849.0,856.9,860.2,861.6,864.4,867.4,863.8,865.1,867.0,869.4,871.7,875.3,882.2,888.3,894.9,900.4,917.5,926.2,933.8,946.0,954.2,133.2,146.4,182.8,224.7,229.3,229.8,230.9,231.6,235.2,259.7,266.4,268.1,278.9,315.4,323.7,361.5,379.2,383.0,388.1,407.4,409.8,426.6,443.6,463.4,594.2,1475.9,1473.1,1447.7,1416.6,1421.7,1427.1,1431.8,1436.5,1438.5,1420.7,1419.1,1421.6,1415.8,1385.4,1383.1,1354.9,1350.6,1358.7,1363.7,1355.8,1403.0,1406.2,1407.0,1414.3,1302.7
"Hải Phòng",1608.2,1625.0,1641.9,1659.5,1676.7,1691.5,1708.6,1725.3,1741.0,1757.8,1773.4,1789.1,1806.5,1824.1,1840.4,1857.8,1879.8,1904.1,1925.2,1946.0,1969.5,1985.3,2001.4,2016.4,2033.3,790.2,799.6,808.9,818.8,827.3,837.3,845.7,854.0,859.0,868.8,876.6,884.3,892.9,903.1,912.6,921.6,932.9,945.3,956.1,966.8,977.7,985.8,994.0,1001.6,1010.2,818.0,825.4,833.0,840.7,849.4,854.2,862.9,871.3,882.0,889.0,896.8,904.8,913.6,921.0,927.8,936.2,946.9,958.8,969.1,979.2,991.8,999.6,1007.4,1014.8,1023.1,524.4,532.2,550.2,558.1,571.8,594.0,618.4,643.6,669.4,696.6,724.4,753.3,784.0,815.9,848.5,859.8,871.3,885.0,897.3,909.1,901.9,908.1,914.4,920.3,926.9,1083.8,1092.8,1091.7,1101.4,1104.9,1097.5,1090.2,1081.7,1071.6,1061.2,1049.0,1035.8,1022.5,1008.2,991.9,998.0,1008.5,1019.1,1027.9,1036.9,1067.6,1077.2,1087.0,1096.2,1106.4
"Hưng Yên",1033.2,1042.6,1052.2,1061.7,1071.4,1079.0,1086.0,1091.5,1097.0,1104.3,1111.0,1116.4,1121.3,1126.2,1128.6,1132.3,1138.4,1144.1,1151.6,1158.1,1202.0,1215.5,1228.8,1242.4,1255.8,496.1,501.6,506.6,512.4,517.6,521.0,524.4,527.1,532.5,533.9,538.8,539.8,542.1,544.3,552.9,556.2,560.8,564.8,568.9,571.1,596.5,604.7,613.2,620.6,628.7,537.1,541.0,545.6,549.3,553.8,558.0,561.6,564.4,564.5,570.4,572.2,576.6,579.2,581.9,575.7,576.0,577.6,579.3,582.7,587.0,605.5,610.8,615.6,621.8,627.1,23.5,41.0,78.8,90.4,93.4,103.6,107.1,110.7,114.3,118.2,122.2,126.2,130.2,134.4,136.3,139.6,144.1,148.6,150.0,151.8,146.1,147.9,149.5,151.5,207.3,1009.7,1001.6,973.4,971.3,978.0,975.4,978.9,980.8,982.7,986.1,988.8,990.2,991.1,991.8,992.3,992.7,994.3,995.5,1001.6,1006.2,1055.9,1067.6,1079.3,1090.9,1048.5
"Thái Bình",1752.3,1761.0,1769.5,1778.5,1788.1,1789.4,1790.3,1790.9,1790.9,1791.2,1790.5,1787.4,1783.9,1782.7,1783.1,1784.7,1785.9,1787.4,1788.1,1788.7,1830.3,1838.1,1846.1,1854.1,1862.2,834.7,839.9,844.7,850.2,854.7,854.9,855.3,855.6,859.7,860.7,859.3,858.9,857.2,859.3,860.8,861.7,868.1,865.2,865.2,865.1,888.0,892.5,897.1,901.8,906.4,917.6,921.1,924.8,928.3,933.4,934.5,935.0,935.3,931.2,930.5,931.2,928.5,926.7,923.4,922.3,923.0,917.8,922.2,922.9,923.6,942.3,945.6,949.0,952.4,955.7,96.3,97.5,100.4,101.6,103.8,103.5,103.8,132.5,133.3,134.1,135.0,135.7,136.6,174.4,173.3,178.5,178.6,178.7,178.8,179.0,187.2,189.6,192.0,194.5,197.0,1656.0,1663.5,1669.1,1676.9,1684.3,1685.9,1686.5,1658.4,1657.6,1657.1,1655.5,1651.7,1647.3,1608.3,1609.8,1606.2,1607.3,1608.7,1609.3,1609.7,1643.2,1648.5,1654.1,1659.6,1665.2
"Hà Nam",763.7,771.6,779.4,786.6,792.5,793.8,793.2,792.8,792.3,791.9,791.3,790.0,788.4,786.9,786.2,786.3,786.9,792.2,796.0,799.4,824.3,832.2,839.8,847.1,854.5,371.9,375.8,379.2,382.3,385.3,385.2,385.0,384.8,385.2,383.6,382.7,382.9,382.2,382.4,383.9,384.0,384.3,388.2,391.6,394.2,404.5,408.7,412.8,416.7,420.6,391.8,395.8,400.2,404.3,407.2,408.6,408.2,408.0,407.1,408.3,408.6,407.1,406.2,404.5,402.3,402.3,402.5,404.0,404.4,405.2,419.8,423.5,427.0,430.4,433.8,56.0,57.6,60.9,62.3,62.6,49.7,52.2,54.8,57.6,60.5,63.6,66.8,70.0,73.5,74.9,82.2,82.4,83.4,122.7,123.5,133.0,135.6,138.2,140.8,143.3,707.7,714.0,718.5,724.3,729.9,744.1,741.0,738.0,734.7,731.4,727.7,723.2,718.4,713.4,711.3,704.1,704.5,708.8,673.3,675.8,691.2,696.6,701.5,706.4,711.2
"Nam Ðịnh",1820.5,1838.0,1856.2,1874.4,1891.9,1886.5,1879.7,1872.8,1866.3,1859.4,1851.0,1839.4,1829.7,1826.1,1828.4,1830.0,1833.5,1835.1,1839.9,1845.6,1796.9,1792.5,1788.2,1784.2,1780.9,884.1,893.5,902.0,912.9,921.0,917.9,914.6,911.3,908.5,907.2,901.4,897.4,892.6,887.0,894.6,895.5,897.0,897.9,901.3,904.2,878.9,876.9,875.1,873.5,872.5,936.4,944.5,954.2,961.5,970.9,968.6,965.1,961.5,957.8,952.2,949.6,942.0,937.1,939.1,933.8,934.5,936.5,937.2,938.6,941.4,918.0,915.5,913.1,910.7,908.4,220.3,221.8,229.9,231.3,235.1,240.1,248.2,256.5,265.2,274.1,283.1,291.9,301.2,311.9,321.6,326.2,329.5,331.4,333.3,335.9,317.5,317.0,316.5,324.1,323.7,1600.2,1616.2,1626.3,1643.1,1656.8,1646.4,1631.5,1616.3,1601.1,1585.3,1567.9,1547.5,1528.5,1514.2,1506.8,1503.8,1504.0,1503.7,1506.7,1509.7,1479.4,1475.4,1471.7,1460.2,1457.1
"Ninh Bình",855.5,866.0,874.2,881.1,885.0,886.8,888.7,889.9,890.9,892.2,893.5,894.6,896.1,898.1,899.6,901.7,907.7,919.1,927.2,935.8,948.5,956.8,965.4,974.7,984.5,409.4,415.3,421.2,426.4,429.3,434.0,435.0,435.6,435.7,436.0,436.3,436.7,440.9,444.3,446.9,448.4,451.9,457.9,461.4,458.8,471.9,476.2,480.6,485.3,490.4,446.1,450.7,453.0,454.7,455.7,452.8,453.7,454.3,455.2,456.2,457.2,457.9,455.2,453.8,452.7,453.3,455.8,461.3,465.8,477.0,476.6,480.7,484.8,489.3,494.1,77.3,78.4,111.0,111.9,112.4,116.5,120.8,125.2,129.7,134.4,139.3,144.4,149.6,155.2,160.9,171.2,172.4,175.2,180.6,184.2,184.4,189.0,195.1,201.2,207.8,778.2,787.6,763.2,769.2,772.6,770.3,767.9,764.7,761.2,757.8,754.2,750.2,746.5,742.9,738.7,730.5,735.3,743.9,746.6,751.6,764.1,767.8,770.4,773.4,776.7
"Trung du và miền núi phía Bắc",9522.9,9679.7,9820.8,9951.2,10085.3,10204.4,10321.8,10440.0,10559.5,10681.0,10798.7,10904.3,11004.2,10997.3,11073.5,11184.3,11300.8,11417.5,11536.4,11667.5,11907.0,12061.1,12230.8,12404.9,12569.3,4701.6,4788.6,4863.6,4934.5,5007.4,5064.1,5122.4,5181.2,5240.4,5307.3,5362.1,5419.5,5469.3,5459.1,5517.9,5609.6,5632.2,5689.0,5738.9,5812.8,5959.8,6042.2,6134.8,6227.0,6315.3,4821.3,4891.1,4957.2,5016.7,5077.9,5140.3,5199.4,5258.8,5319.1,5373.7,5436.6,5484.8,5534.9,5538.2,5555.6,5574.7,5668.7,5728.4,5797.5,5854.7,5947.2,6018.9,6095.9,6177.9,6254.0,1201.7,1227.4,1325.3,1362.6,1379.0,1430.4,1463.8,1499.9,1559.6,1602.7,1649.1,1687.9,1721.1,1751.1,1770.4,1842.8,1933.1,1961.1,2011.5,2072.4,2122.3,2155.2,2193.3,2233.6,2284.3,8321.2,8452.3,8495.5,8588.6,8706.3,8774.0,8858.0,8940.1,8999.9,9078.3,9149.6,9216.4,9283.1,9246.2,9303.1,9341.5,9367.8,9456.4,9524.9,9595.1,9784.7,9905.9,10037.4,10171.3,10285.0
"Hà Giang",550.3,564.2,577.7,590.4,605.9,619.2,631.6,643.9,656.2,669.0,681.7,693.4,704.9,716.2,725.1,733.8,746.6,761.6,775.8,788.8,806.7,820.4,833.7,846.5,858.1,272.0,278.9,284.7,290.9,300.0,306.5,312.7,318.7,324.9,331.2,337.5,343.6,349.0,354.6,363.1,366.6,372.9,380.7,389.0,395.1,406.2,413.0,420.2,427.2,433.6,278.3,285.3,293.0,299.5,305.9,312.7,318.9,325.2,331.3,337.8,344.2,349.8,355.9,361.6,362.0,367.1,373.7,380.9,386.8,393.7,400.5,407.4,413.5,419.4,424.5,48.5,49.9,52.2,53.2,51.8,66.3,68.5,70.8,73.0,75.4,77.8,80.1,82.5,84.9,91.6,104.7,112.3,114.7,117.1,118.6,120.9,123.0,125.2,127.6,137.2,501.8,514.3,525.5,537.2,554.1,552.9,563.1,573.1,583.2,593.6,603.9,613.3,622.4,631.3,633.5,629.1,634.3,646.9,658.7,670.2,685.8,697.4,708.5,718.9,720.9
"Cao Bằng",489.2,489.4,490.0,490.5,492.1,493.9,496.2,498.7,500.8,502.8,504.9,506.8,508.6,510.5,511.2,513.1,514.0,515.2,517.9,520.2,522.0,524.2,526.4,528.7,530.9,237.2,237.3,237.5,237.8,238.6,241.3,242.4,243.6,244.4,246.8,247.4,248.8,249.7,250.6,253.7,254.5,254.8,255.2,256.4,257.5,260.5,261.9,263.2,264.6,265.9,252.0,252.1,252.5,252.7,253.5,252.6,253.8,255.1,256.4,256.0,257.5,258.0,258.9,259.9,257.5,258.6,259.2,260.0,261.5,262.7,261.5,262.3,263.2,264.1,264.9,50.7,51.2,52.8,53.3,54.0,66.9,67.4,68.1,68.6,68.9,74.2,79.5,79.9,87.6,86.4,87.0,113.1,119.3,119.8,120.3,108.6,111.5,115.5,119.9,124.5,438.5,438.2,437.2,437.2,438.1,427.0,428.8,430.6,432.2,433.9,430.7,427.3,428.7,422.9,424.8,426.1,400.9,395.9,398.1,399.8,413.3,412.8,410.9,408.8,406.3
"Bắc Kạn",254.2,259.6,265.2,270.9,276.4,278.4,280.5,282.5,284.4,286.5,288.4,290.0,291.8,293.6,294.6,297.5,300.4,303.0,305.2,307.3,305.6,307.7,309.9,312.0,314.4,126.9,129.7,132.5,135.4,138.1,139.1,140.1,141.1,142.1,143.5,144.1,145.2,146.1,147.7,148.5,150.3,152.2,153.3,154.9,154.4,155.1,156.4,157.7,159.0,160.3,127.3,129.9,132.7,135.5,138.3,139.3,140.4,141.4,142.3,143.0,144.3,144.8,145.7,145.9,146.1,147.2,148.3,149.7,150.3,152.9,150.5,151.3,152.2,153.1,154.1,33.5,34.9,37.0,38.4,40.3,39.9,40.8,41.6,42.5,43.4,44.2,45.1,46.0,46.9,47.3,48.0,48.8,49.1,49.7,50.6,57.5,59.4,61.4,63.5,65.6,220.7,224.7,228.2,232.5,236.1,238.5,239.7,240.9,241.9,243.1,244.2,244.9,245.8,246.7,247.3,249.5,251.7,253.9,255.5,256.7,248.2,248.3,248.5,248.6,248.7
"Tuyên Quang",638.8,648.9,659.0,668.0,677.3,684.1,690.2,696.3,701.9,707.5,712.1,715.7,719.4,723.5,725.2,729.3,734.9,740.8,747.2,753.8,756.2,763.4,770.5,778.3,786.3,316.9,321.7,326.4,330.8,335.0,338.2,341.2,344.2,347.0,350.3,352.0,354.4,356.3,357.5,363.3,365.3,368.3,370.6,373.1,374.5,380.0,383.8,387.6,391.7,395.9,321.9,327.2,332.6,337.2,342.3,345.9,349.0,352.1,354.9,357.2,360.1,361.3,363.1,366.0,361.9,364.1,366.6,370.2,374.1,379.3,376.2,379.6,382.9,386.6,390.3,67.4,69.5,71.9,73.3,60.7,64.4,67.3,70.3,73.4,76.6,79.8,83.1,86.5,90.1,94.3,95.4,96.1,97.4,99.2,100.9,102.0,103.6,105.2,106.9,108.6,571.4,579.4,587.1,594.7,616.6,619.7,622.9,626.0,628.5,630.9,632.3,632.6,632.9,633.4,630.9,634.0,638.8,643.4,648.0,652.8,654.2,659.8,665.3,671.5,677.6
"Lào Cai",550.1,562.8,574.5,585.9,598.5,607.4,616.6,625.7,634.2,573.9,581.4,590.2,598.3,606.5,615.8,626.8,637.0,646.5,655.9,665.2,684.5,696.5,708.6,720.8,733.3,275.0,281.5,287.2,292.9,298.8,303.3,307.6,312.1,316.0,285.7,289.4,294.5,299.2,304.5,309.9,315.6,320.5,325.3,329.5,336.6,346.6,353.0,359.5,366.1,372.9,275.1,281.3,287.3,293.0,299.7,304.1,309.0,313.6,318.2,288.2,292.0,295.7,299.1,302.0,305.9,311.2,316.5,321.2,326.4,328.6,337.9,343.4,349.0,354.7,360.4,94.2,97.6,101.5,102.0,103.7,103.2,105.1,106.9,108.7,112.2,119.9,123.0,125.9,129.1,130.4,133.3,143.3,146.1,149.5,152.0,157.2,159.8,162.0,167.0,171.5,455.9,465.2,473.0,483.9,494.8,504.2,511.5,518.8,525.5,461.7,461.5,467.2,472.4,477.4,485.4,493.5,493.7,500.5,506.4,513.2,527.2,536.6,546.6,553.8,561.8
"Yên Bái",647.7,655.9,664.5,673.1,682.1,688.0,694.1,700.1,706.8,713.5,719.5,725.4,731.6,737.5,741.7,751.3,758.6,765.7,774.6,783.5,793.1,800.3,807.3,814.6,823.0,322.7,327.1,331.5,336.0,340.4,343.2,346.5,349.2,352.2,355.5,358.1,360.5,363.7,367.7,370.7,375.7,378.8,381.6,386.1,390.8,397.8,401.7,405.6,409.5,414.1,325.0,328.8,333.0,337.1,341.7,344.8,347.6,350.9,354.6,358.0,361.4,364.9,367.9,369.8,371.0,375.6,379.8,384.1,388.5,392.7,395.3,398.7,401.7,405.0,409.0,123.4,123.9,126.7,132.0,133.8,135.0,136.0,137.2,138.6,140.6,141.5,142.6,143.2,143.5,144.2,146.7,148.3,149.9,152.0,160.4,158.0,159.2,160.5,161.9,163.3,524.3,532.0,537.8,541.1,548.3,553.0,558.1,562.9,568.2,572.9,578.0,582.8,588.4,594.0,597.5,604.6,610.4,615.7,622.6,623.1,635.1,641.1,646.8,652.7,659.8
"Thái Nguyên",1005.0,1020.6,1029.6,1038.5,1047.8,1055.5,1063.6,1071.0,1079.5,1089.0,1098.5,1106.5,1113.0,1120.3,1125.4,1131.3,1139.4,1149.1,1156.0,1173.2,1230.8,1242.8,1256.1,1273.6,1290.9,492.6,500.0,507.3,514.9,522.2,525.9,529.9,533.6,538.0,544.3,549.4,553.8,556.3,558.4,556.5,588.9,561.7,566.4,569.8,578.3,602.3,608.2,615.5,623.3,631.1,512.4,520.6,522.3,523.6,525.6,529.6,533.7,537.4,541.5,544.7,549.1,552.7,556.7,561.9,568.9,542.4,577.8,582.7,586.2,594.9,628.5,634.6,640.7,650.3,659.9,201.0,204.3,210.0,212.0,219.9,233.9,239.5,245.1,251.1,257.4,263.9,270.1,276.1,282.4,287.8,293.6,322.2,326.9,344.2,355.1,387.8,392.5,399.4,405.2,413.9,804.0,816.3,819.6,826.5,827.9,821.6,824.1,825.9,828.4,831.6,834.6,836.4,836.9,837.9,837.6,837.7,817.2,822.2,811.8,818.1,843.0,850.3,856.7,868.3,877.1
"Lạng Sơn",679.2,689.2,694.7,700.2,705.9,707.9,710.5,713.2,716.7,720.5,724.1,726.3,728.2,730.7,733.2,736.3,740.8,745.3,749.7,753.7,757.8,763.4,768.7,775.9,782.8,333.7,338.8,342.6,346.5,350.3,351.1,352.4,353.8,355.6,358.2,359.3,361.1,362.0,363.8,364.9,366.9,369.6,372.4,374.1,376.9,383.3,387.2,390.9,395.6,400.0,345.5,350.4,352.1,353.7,355.6,356.8,358.1,359.4,361.1,362.3,364.8,365.2,366.2,366.9,368.3,369.4,371.2,372.9,375.6,376.8,374.5,376.2,377.8,380.2,382.8,115.3,122.3,125.4,128.1,133.5,130.8,132.0,133.1,134.5,135.9,137.2,138.3,139.4,140.6,140.6,140.8,142.1,143.4,145.3,147.1,151.2,153.3,155.4,157.8,160.3,563.9,566.9,569.3,572.1,572.4,577.1,578.5,580.1,582.2,584.6,586.9,588.0,588.8,590.1,592.6,595.5,598.7,601.9,604.5,606.6,606.6,610.1,613.3,618.0,622.5
"Bắc Giang",1431.0,1451.4,1468.3,1477.4,1495.7,1502.7,1509.1,1515.8,1522.6,1530.3,1537.3,1543.0,1548.8,1554.6,1556.9,1569.8,1581.8,1592.9,1608.0,1624.5,1667.0,1696.9,1736.8,1777.5,1810.4,700.4,716.3,725.2,730.7,739.5,742.6,745.7,749.1,752.8,756.6,760.0,762.9,765.8,771.9,771.8,782.0,785.0,790.0,790.0,806.9,832.5,848.5,869.6,891.1,908.7,730.6,735.1,743.1,746.7,756.2,760.1,763.4,766.7,769.8,773.7,777.3,780.1,783.0,782.7,785.1,787.8,796.8,802.9,818.0,817.6,834.4,848.3,867.2,886.5,901.7,82.0,83.3,96.1,108.7,111.6,124.3,127.0,129.7,132.5,135.4,138.4,141.2,144.2,147.2,146.0,151.6,153.7,154.8,157.1,183.7,189.1,193.1,198.2,202.9,207.4,1349.0,1368.1,1372.2,1368.7,1384.1,1378.4,1382.1,1386.1,1390.1,1394.9,1398.9,1401.8,1404.6,1407.4,1410.9,1418.2,1428.1,1438.0,1450.9,1440.7,1477.9,1503.8,1538.6,1574.6,1603.1
"Phú Thọ",1211.7,1224.8,1237.9,1250.8,1263.8,1270.1,1276.0,1281.4,1286.3,1291.7,1297.3,1301.5,1305.6,1311.5,1316.6,1322.7,1329.3,1340.8,1351.2,1360.2,1392.3,1409.0,1430.5,1449.6,1466.4,592.9,600.0,607.1,614.4,620.8,623.5,626.4,629.1,631.8,635.0,638.2,639.8,641.8,646.2,647.3,653.4,655.6,661.1,666.4,670.8,688.8,697.7,709.9,719.8,729.3,618.8,624.8,630.8,636.4,643.0,646.6,649.6,652.3,654.5,656.7,659.1,661.7,663.8,665.3,669.3,669.3,673.8,679.7,684.8,689.4,703.5,711.3,720.6,729.8,737.1,117.2,119.6,173.5,175.8,179.9,180.6,183.7,186.8,189.9,193.2,196.4,199.6,202.7,206.2,208.5,240.4,242.0,244.3,250.4,252.8,255.7,258.5,262.0,265.4,269.4,1094.5,1105.2,1064.4,1075.0,1083.9,1089.5,1092.3,1094.6,1096.4,1098.5,1100.9,1101.9,1102.9,1105.3,1108.1,1082.3,1087.4,1096.5,1100.9,1107.4,1136.6,1150.5,1168.4,1184.2,1197.0
"Ðiện Biên",..,..,..,..,..,..,..,..,..,423.3,438.5,452.7,466.0,479.3,490.8,501.2,510.8,519.7,528.5,538.1,557.1,568.3,579.4,590.5,601.7,..,..,..,..,..,..,..,..,..,212.5,219.9,227.1,233.8,240.5,245.5,250.7,255.5,260.1,264.6,269.2,280.9,286.9,292.9,298.9,305.0,..,..,..,..,..,..,..,..,..,210.8,218.6,225.6,232.2,238.8,245.3,250.5,255.2,259.6,263.9,268.9,276.3,281.4,286.5,291.6,296.6,..,..,..,..,..,..,..,..,..,68.3,70.6,72.5,74.2,74.5,73.5,75.2,76.7,78.0,79.7,81.2,81.0,82.3,83.7,85.1,86.6,..,..,..,..,..,..,..,..,..,355.0,367.9,380.2,391.8,404.8,417.3,426.0,434.1,441.6,448.7,456.9,476.2,486.0,495.7,505.4,515.1
"Lai Châu",535.5,549.5,562.8,576.7,593.6,616.8,638.7,661.6,684.7,351.3,356.7,360.7,364.4,367.9,371.4,380.8,389.4,397.3,405.7,415.3,427.9,436.3,444.5,453.4,462.6,270.4,277.6,284.4,291.6,300.1,311.7,322.8,334.4,344.6,176.5,179.5,181.3,183.2,186.5,189.9,194.9,199.1,203.4,205.8,208.8,218.0,222.3,226.4,231.0,235.7,265.1,271.9,278.4,285.1,293.5,305.1,315.9,327.2,340.1,174.8,177.2,179.4,181.2,181.4,181.5,185.9,190.3,193.9,199.9,206.5,209.9,214.1,218.1,222.4,227.0,62.9,63.5,65.3,71.2,72.8,75.0,79.0,83.0,107.0,45.6,46.7,47.6,48.5,49.4,53.3,54.1,56.2,58.4,66.9,71.3,62.7,64.0,65.2,66.5,67.8,472.6,486.0,497.5,505.5,520.8,541.8,559.7,578.6,577.7,305.7,310.0,313.1,315.9,318.5,318.1,326.7,333.3,338.9,338.8,344.0,365.2,372.4,379.3,386.9,394.8
"Sơn La",811.7,833.4,855.0,877.0,886.5,909.9,931.4,953.0,974.5,994.6,1014.5,1033.5,1050.8,1067.2,1079.2,1098.9,1118.6,1134.4,1150.5,1166.4,1177.4,1194.9,1213.4,1233.1,1252.7,408.3,419.1,429.2,438.8,446.4,456.2,467.0,477.8,489.1,500.1,509.2,519.7,528.4,529.7,542.6,552.3,562.0,570.1,578.8,587.4,594.8,604.1,614.0,624.4,635.0,403.4,414.3,425.8,438.2,440.1,453.7,464.4,475.2,485.4,494.5,505.3,513.8,522.4,537.5,536.6,546.6,556.6,564.3,571.7,579.0,582.6,590.8,599.5,608.6,617.7,102.7,104.6,108.4,110.3,111.8,103.3,108.2,113.2,118.4,123.6,128.9,134.3,139.7,145.1,148.7,153.4,158.4,157.8,158.2,159.6,162.7,165.2,167.9,170.7,173.5,709.0,728.8,746.6,766.7,774.7,806.6,823.2,839.8,856.1,871.0,885.6,899.2,911.1,922.1,930.5,945.5,960.2,976.6,992.3,1006.8,1014.7,1029.7,1045.6,1062.4,1079.2
"Hoà Bình",718.5,730.0,741.6,751.8,759.7,770.5,783.3,796.8,810.9,827.1,843.8,858.6,872.8,778.0,786.4,791.6,799.0,805.2,810.3,817.4,828.6,837.0,845.0,850.4,855.8,352.6,360.6,368.0,373.8,377.2,381.5,387.7,394.5,401.9,411.1,418.1,426.8,434.0,379.5,390.2,392.6,396.1,398.9,400.4,405.6,413.0,417.5,421.8,424.8,427.8,365.9,369.4,373.6,378.0,382.5,389.0,395.6,402.3,409.0,416.0,425.7,431.8,438.8,398.5,396.2,399.0,402.9,406.3,409.9,411.8,415.6,419.5,423.2,425.6,428.0,102.9,102.8,104.5,104.3,105.2,106.8,109.3,114.1,121.4,126.2,129.6,130.9,132.3,123.6,117.8,118.7,120.0,121.0,122.6,118.7,127.9,129.8,131.7,133.2,134.7,615.6,627.2,637.1,647.5,654.5,663.7,674.0,682.7,689.5,700.9,714.2,727.7,740.5,654.4,668.6,672.9,679.1,684.2,687.8,698.6,700.7,707.1,713.2,717.2,721.1
"Bắc Trung Bộ và Duyên hải miền Trung",17201.2,17436.2,17674.0,17912.4,18134.5,18218.3,18305.4,18384.2,18459.6,18538.5,18608.6,18667.4,18729.1,18797.9,18855.7,18975.2,19104.9,19243.3,19387.5,19522.5,19653.7,19802.5,19949.0,20085.1,20220.4,8432.8,8553.5,8671.5,8796.3,8902.9,8941.0,8984.0,9023.3,9064.3,9109.2,9142.6,9177.7,9206.9,9269.0,9323.1,9380.5,9450.0,9521.4,9583.9,9656.3,9748.9,9830.6,9909.9,9985.8,10062.1,8768.4,8882.7,9002.5,9116.1,9231.6,9277.3,9321.4,9360.9,9395.3,9429.3,9466.0,9489.7,9522.2,9528.9,9532.6,9594.7,9655.0,9721.6,9803.6,9866.2,9904.8,9971.9,10039.0,10099.3,10158.4,2837.3,2904.5,3113.0,3256.4,3361.5,3543.1,3642.8,3762.0,3878.2,3987.5,4094.6,4199.6,4309.7,4432.4,4555.2,4759.8,4897.4,5007.4,5203.7,5372.1,5404.7,5487.6,5567.8,5642.6,5745.0,14363.9,14531.7,14561.0,14656.0,14773.0,14675.2,14662.6,14622.2,14581.4,14551.0,14514.0,14467.8,14419.4,14365.5,14300.5,14215.4,14207.5,14235.9,14183.8,14150.4,14249.0,14314.9,14381.2,14442.4,14475.4
"Thanh Hoá",3337.7,3375.9,3414.1,3448.5,3474.5,3468.2,3464.0,3457.8,3449.8,3442.6,3436.4,3428.0,3417.3,3408.8,3404.3,3421.8,3437.7,3457.9,3477.7,3496.1,3537.0,3570.8,3603.7,3631.3,3645.8,1630.0,1649.5,1667.0,1685.4,1698.7,1694.8,1692.7,1689.7,1687.0,1686.4,1682.1,1679.3,1675.2,1687.7,1682.3,1690.9,1698.7,1707.8,1714.0,1729.4,1758.1,1776.7,1794.8,1810.3,1819.3,1707.7,1726.4,1747.1,1763.1,1775.8,1773.4,1771.3,1768.1,1762.8,1756.2,1754.3,1748.7,1742.1,1721.1,1722.0,1730.9,1739.0,1750.1,1763.7,1766.7,1778.9,1794.2,1808.9,1821.0,1826.5,273.9,283.8,300.1,310.8,322.4,319.2,323.3,327.3,331.1,335.1,339.2,343.1,346.8,350.8,355.3,369.3,383.6,398.4,491.8,513.9,457.1,478.6,500.8,523.8,547.2,3063.8,3092.1,3114.0,3137.7,3152.1,3149.0,3140.7,3130.5,3118.7,3107.5,3097.2,3084.9,3070.5,3058.0,3049.0,3052.5,3054.2,3059.5,2985.9,2982.2,3079.9,3092.3,3102.9,3107.5,3098.6
"Nghệ An",2714.9,2752.8,2791.3,2829.4,2865.2,2871.1,2877.0,2881.6,2884.9,2890.0,2895.6,2900.1,2905.2,2912.1,2914.5,2934.1,2955.9,2983.3,3011.3,3037.4,3160.6,3203.1,3246.7,3291.4,3337.2,1340.1,1358.3,1376.5,1395.2,1411.4,1413.6,1416.5,1418.8,1419.1,1420.3,1421.8,1423.1,1424.6,1438.4,1446.8,1456.2,1466.7,1479.6,1490.7,1508.5,1574.1,1597.7,1620.0,1643.9,1669.5,1374.8,1394.5,1414.8,1434.2,1453.8,1457.5,1460.5,1462.8,1465.8,1469.7,1473.8,1477.0,1480.6,1473.7,1467.7,1477.9,1489.2,1503.7,1520.6,1528.9,1586.5,1605.4,1626.7,1647.5,1667.7,263.2,267.6,278.0,281.7,292.4,296.1,303.4,310.8,318.3,326.1,334.1,342.2,350.6,359.5,375.1,375.4,392.1,401.1,453.5,458.6,465.1,471.8,478.4,483.9,490.5,2451.7,2485.2,2513.3,2547.7,2572.8,2575.0,2573.6,2570.8,2566.6,2563.9,2561.5,2557.9,2554.6,2552.6,2539.4,2558.7,2563.8,2582.1,2557.8,2578.8,2695.5,2731.3,2768.3,2807.5,2846.7
"Hà Tĩnh",1247.7,1253.2,1258.6,1264.4,1271.1,1268.4,1265.1,1260.8,1256.3,1252.2,1247.8,1243.6,1239.0,1234.0,1227.8,1232.7,1237.8,1243.2,1249.1,1255.3,1261.3,1266.7,1274.2,1280.5,1290.3,611.3,614.5,617.5,620.9,623.9,622.3,620.7,618.6,616.6,621.8,616.4,617.5,615.2,592.4,607.1,609.4,611.9,614.4,615.1,616.3,625.7,628.7,632.8,636.3,641.5,636.4,638.7,641.1,643.5,647.2,646.1,644.4,642.2,639.7,630.4,631.4,626.1,623.8,641.6,620.7,623.3,625.9,628.8,634.0,639.0,635.6,638.0,641.4,644.2,648.8,87.3,89.6,93.5,110.2,113.8,124.4,130.0,135.8,141.8,148.1,154.7,161.5,168.6,176.0,183.5,190.8,193.0,193.8,194.5,195.4,222.3,229.5,237.3,245.1,253.9,1160.4,1163.6,1165.1,1154.2,1157.3,1144.0,1135.1,1125.0,1114.5,1104.1,1093.1,1082.1,1070.4,1058.0,1044.3,1041.9,1044.8,1049.4,1054.6,1059.9,1039.0,1037.2,1037.0,1035.4,1036.4
"Quảng Bình",746.1,758.2,771.0,783.9,795.8,802.1,808.1,814.8,819.8,825.0,830.3,834.5,838.5,843.5,845.0,848.6,853.4,858.3,863.4,868.2,875.6,880.6,885.7,891.1,896.6,368.7,374.8,381.2,387.9,393.6,396.5,399.5,402.8,405.3,408.0,412.6,415.7,417.7,421.5,423.3,424.5,426.9,429.3,432.1,434.5,437.8,440.5,443.3,446.8,449.9,377.4,383.4,389.8,396.0,402.2,405.6,408.6,412.0,414.5,417.0,417.7,418.8,420.8,422.0,421.7,424.1,426.5,428.9,431.3,433.7,437.8,440.2,442.4,444.3,446.7,69.9,73.4,78.5,82.3,87.1,90.6,95.5,100.0,105.5,110.3,115.0,118.7,122.0,125.3,127.6,128.4,129.4,129.9,131.2,169.5,176.6,179.6,182.3,185.2,188.2,676.2,684.8,692.5,701.6,708.7,711.5,712.6,714.8,714.3,714.7,715.3,715.8,716.5,718.2,717.4,720.2,724.0,728.3,732.1,698.6,699.0,701.0,703.4,706.0,708.4
"Quảng Trị",534.9,544.8,555.0,565.4,574.9,577.6,580.8,583.9,586.3,588.6,590.3,591.9,594.1,596.7,598.6,601.7,604.7,608.2,613.0,616.4,617.9,621.6,625.4,629.7,633.4,262.2,267.4,272.7,278.2,283.0,284.2,285.8,287.3,290.0,291.0,292.0,292.6,293.7,296.0,295.4,297.3,299.1,301.2,302.4,303.7,305.8,307.8,309.8,312.1,314.1,272.7,277.4,282.3,287.2,291.9,293.4,295.0,296.6,296.3,297.6,298.3,299.3,300.4,300.7,303.2,304.4,305.6,307.0,310.6,312.7,312.1,313.8,315.5,317.7,319.4,100.3,107.8,118.0,126.7,137.3,137.3,140.4,143.5,146.5,149.5,152.5,155.5,158.7,162.0,167.6,170.9,174.2,176.6,178.9,179.2,183.9,186.9,190.0,193.2,196.4,434.6,437.0,437.0,438.7,437.6,440.3,440.4,440.4,439.8,439.1,437.8,436.4,435.4,434.7,431.0,430.8,430.5,431.5,434.1,437.2,434.0,434.7,435.4,436.5,437.1
"Thừa Thiên Huế",999.3,1011.2,1023.1,1035.6,1049.1,1052.1,1056.3,1060.1,1064.2,1068.6,1072.9,1076.9,1081.0,1084.9,1087.6,1090.9,1103.1,1113.9,1122.7,1131.8,1114.7,1118.0,1123.4,1125.4,1129.5,491.2,497.7,504.1,510.9,517.6,518.9,520.9,522.8,523.8,524.9,526.1,529.5,531.0,533.8,537.4,540.2,546.0,550.9,554.5,560.5,551.3,553.0,555.7,556.9,559.0,508.1,513.5,519.0,524.7,531.5,533.2,535.4,537.3,540.4,543.7,546.8,547.4,550.0,551.1,550.2,550.7,557.2,563.1,568.2,571.3,563.4,565.0,567.6,568.6,570.5,259.8,262.3,282.0,284.4,290.0,314.7,322.6,330.6,338.9,347.5,356.3,365.1,374.2,383.5,391.2,470.9,534.3,538.0,542.9,549.8,542.0,543.9,548.3,548.1,563.4,739.5,748.9,741.1,751.2,759.1,737.4,733.7,729.5,725.3,721.1,716.6,711.8,706.8,701.4,696.4,620.0,568.8,575.9,579.8,582.0,572.7,574.1,575.0,577.4,566.1
"Ðà Nẵng",637.3,649.3,661.8,674.4,687.3,706.1,723.1,739.7,760.7,784.8,805.7,825.9,847.5,868.8,894.5,922.7,946.0,966.3,986.8,1007.7,1056.3,1080.3,1097.8,1114.4,1141.1,312.2,318.4,324.7,331.3,337.6,346.7,355.0,363.1,375.7,379.6,395.8,400.5,409.9,427.1,441.2,449.2,462.5,476.6,486.7,495.0,520.8,532.6,541.2,549.3,562.4,325.1,330.9,337.1,343.1,349.7,359.4,368.1,376.6,385.0,405.2,409.9,425.4,437.6,441.7,453.3,473.6,483.5,489.7,500.1,512.7,535.5,547.7,556.6,565.1,578.7,426.1,433.8,520.6,528.2,541.5,565.6,584.4,603.2,626.0,651.7,675.1,698.3,723.0,747.9,777.0,802.4,823.7,842.4,861.3,879.5,919.4,940.6,956.1,970.9,994.6,211.2,215.5,141.2,146.2,145.8,140.5,138.7,136.5,134.7,133.1,130.6,127.6,124.5,120.9,117.5,120.3,122.3,123.9,125.4,128.2,136.9,139.7,141.6,143.4,146.5
"Quảng Nam",1322.0,1335.3,1348.1,1361.8,1375.8,1382.5,1388.8,1394.3,1398.6,1403.0,1407.4,1410.8,1413.9,1417.8,1423.0,1433.2,1442.7,1452.9,1463.2,1471.8,1468.2,1475.7,1483.3,1490.8,1497.5,639.1,645.9,652.2,659.4,665.8,668.7,671.8,674.5,676.1,679.3,681.3,683.4,684.6,689.0,693.3,699.3,705.0,710.4,715.4,719.7,719.4,724.0,728.5,732.8,736.5,682.9,689.4,695.9,702.4,710.0,713.8,717.0,719.8,722.5,723.7,726.1,727.4,729.3,728.8,729.7,733.9,737.6,742.5,747.8,752.1,748.7,751.7,754.8,757.9,760.9,178.2,181.6,188.4,191.8,197.4,209.4,215.2,221.1,226.9,232.9,239.0,245.2,251.4,257.9,264.0,271.7,274.8,277.2,281.0,283.5,359.9,363.9,368.4,373.1,379.6,1143.8,1153.7,1159.7,1170.0,1178.4,1173.1,1173.6,1173.2,1171.7,1170.1,1168.4,1165.6,1162.5,1159.9,1159.0,1161.5,1167.9,1175.7,1182.2,1188.3,1108.3,1111.8,1114.9,1117.7,1117.8
"Quảng Ngãi",1149.0,1159.7,1170.4,1181.4,1191.9,1194.3,1197.8,1200.6,1203.2,1206.5,1210.0,1212.6,1214.8,1217.0,1217.2,1221.0,1225.2,1229.8,1236.3,1241.4,1226.2,1227.5,1228.9,1230.5,1231.9,559.5,565.1,570.5,576.4,581.2,582.9,584.7,586.4,587.9,589.7,592.1,594.2,596.1,598.5,600.0,602.0,604.3,606.4,610.0,611.6,605.5,606.2,607.2,608.2,608.9,589.5,594.6,599.9,605.0,610.7,611.4,613.1,614.2,615.3,616.8,617.9,618.4,618.7,618.5,617.2,618.9,621.0,623.5,626.3,629.8,620.7,621.2,621.8,622.4,623.0,110.8,115.0,121.5,126.1,132.0,134.1,136.5,153.6,169.8,171.3,173.0,174.1,175.6,177.3,178.0,178.8,179.6,180.2,181.2,193.5,191.8,194.2,196.6,199.1,201.5,1038.2,1044.7,1048.9,1055.3,1059.9,1060.2,1061.3,1047.0,1033.4,1035.2,1037.0,1038.5,1039.2,1039.7,1039.2,1042.2,1045.7,1049.6,1055.0,1047.9,1034.4,1033.3,1032.4,1031.5,1030.4
"Bình Ðịnh",1394.4,1412.7,1431.3,1449.6,1465.2,1466.1,1468.4,1470.7,1473.1,1475.5,1477.8,1480.1,1482.3,1485.6,1487.4,1492.0,1498.2,1502.4,1509.3,1514.5,1487.6,1487.7,1487.7,1487.8,1487.8,676.2,685.5,694.8,704.3,711.5,711.6,712.7,713.9,715.4,718.7,719.8,720.9,722.8,725.3,725.1,727.3,730.4,732.4,735.8,739.8,726.9,727.8,729.1,730.7,732.7,718.2,727.2,736.5,745.3,753.7,754.5,755.7,756.8,757.7,756.8,758.0,759.2,759.5,760.3,762.3,764.7,767.9,770.0,773.5,774.7,760.8,759.9,758.7,757.1,755.1,262.4,268.2,279.2,344.4,353.1,355.0,361.0,367.1,373.4,379.7,386.2,392.7,399.4,406.5,412.5,413.8,415.6,462.9,465.1,469.5,471.5,472.9,474.2,475.5,476.8,1132.0,1144.5,1152.1,1105.2,1112.1,1111.1,1107.4,1103.6,1099.7,1095.8,1091.6,1087.4,1082.9,1079.1,1074.9,1078.2,1082.7,1039.5,1044.2,1045.0,1016.1,1014.8,1013.5,1012.2,1011.0
"Phú Yên",740.3,752.3,764.4,777.1,790.5,799.6,808.4,816.8,824.8,832.0,838.2,844.3,850.3,856.7,862.4,866.1,870.0,876.1,882.0,887.4,866.2,868.2,870.0,871.5,873.2,365.8,372.1,378.3,385.1,391.6,396.0,400.3,404.5,408.6,412.9,415.2,420.0,422.0,427.1,431.6,433.5,435.5,438.5,441.5,443.9,434.8,436.1,437.2,438.2,439.2,374.5,380.2,386.1,392.0,398.9,403.6,408.1,412.3,416.2,419.1,423.0,424.3,428.3,429.6,430.8,432.6,434.5,437.6,440.5,443.5,431.3,432.1,432.8,433.3,433.9,135.3,137.9,143.2,145.9,150.2,151.9,156.0,160.1,164.2,168.3,172.2,176.2,180.2,184.5,198.8,201.2,202.1,203.6,204.9,255.2,248.2,249.3,249.9,250.5,251.0,605.0,614.4,621.2,631.2,640.3,647.7,652.4,656.7,660.6,663.7,666.0,668.1,670.1,672.2,663.6,664.8,667.8,672.5,677.0,632.2,618.0,618.8,620.2,621.0,622.2
"Khánh Hoà",959.4,978.0,996.7,1016.2,1034.9,1049.6,1063.8,1077.2,1091.1,1104.0,1115.0,1125.2,1137.5,1149.3,1158.2,1164.3,1171.4,1180.1,1188.4,1196.9,1198.4,1207.2,1216.3,1224.5,1232.8,473.6,483.3,492.8,503.0,512.1,519.1,526.2,532.8,539.9,548.1,552.6,558.7,564.7,570.4,571.9,575.6,579.7,583.1,588.0,591.1,594.5,599.3,604.3,608.9,613.5,485.8,494.7,503.9,513.2,522.8,530.5,537.6,544.4,551.2,555.9,562.4,566.5,572.8,578.9,586.3,588.7,591.6,597.0,600.4,605.8,603.9,607.8,612.0,615.6,619.4,345.7,351.0,362.9,368.2,377.0,385.9,394.5,402.9,411.6,420.1,427.9,435.5,444.0,452.5,461.0,518.4,521.8,525.1,531.0,536.1,494.6,501.5,508.2,514.7,521.3,613.7,627.0,633.8,648.0,657.9,663.7,669.3,674.3,679.5,683.9,687.1,689.7,693.5,696.8,697.2,645.9,649.6,655.0,657.4,660.8,703.8,705.7,708.1,709.8,711.5
"Ninh Thuận",466.5,476.6,487.1,497.7,507.4,516.7,525.8,532.5,538.2,543.5,547.9,551.4,555.8,560.7,565.8,569.5,574.1,579.4,584.9,590.4,578.3,581.5,585.4,588.9,591.0,230.1,235.2,240.4,245.8,250.3,254.8,259.3,262.6,265.5,268.8,270.4,272.7,274.9,278.4,282.0,284.9,288.3,291.9,295.2,297.8,289.3,291.0,293.2,295.1,296.4,236.4,241.4,246.7,251.9,257.1,261.9,266.5,269.9,272.7,274.7,277.5,278.7,280.9,282.3,283.8,284.6,285.8,287.4,289.7,292.6,289.0,290.5,292.2,293.8,294.7,103.1,106.5,112.0,115.7,120.4,126.9,134.8,146.7,150.3,158.5,166.8,175.2,184.3,202.6,204.1,205.2,207.3,209.4,212.7,213.8,207.5,208.4,209.6,210.7,211.3,363.4,370.1,375.1,382.0,387.0,389.8,391.0,385.8,387.9,385.0,381.1,376.2,371.5,358.1,361.7,364.4,366.9,369.9,372.2,376.6,370.8,373.1,375.7,378.1,379.7
"Bình Thuận",951.7,976.2,1001.1,1027.0,1050.9,1063.9,1078.0,1093.4,1108.6,1122.2,1133.3,1142.1,1151.9,1162.0,1169.4,1176.8,1184.5,1191.6,1199.5,1207.4,1205.4,1213.6,1220.5,1227.3,1232.3,472.8,485.8,498.8,512.5,524.6,530.9,537.9,545.5,553.4,559.7,564.4,569.6,574.5,583.4,585.7,590.1,594.9,599.0,602.5,604.3,604.9,609.2,612.8,616.5,619.2,478.9,490.4,502.3,514.5,526.3,533.0,540.1,547.9,555.2,562.5,568.9,572.5,577.4,578.6,583.7,586.6,589.7,592.7,597.0,603.1,600.6,604.4,607.6,610.8,613.1,221.3,226.0,235.1,240.0,246.9,332.0,345.2,359.3,373.9,388.4,402.6,416.3,430.9,446.1,459.5,462.7,466.0,468.5,473.6,474.6,464.8,466.5,467.7,468.8,469.3,730.4,750.2,766.0,787.0,804.0,731.9,732.8,734.1,734.7,733.8,730.7,725.8,721.0,715.9,709.9,714.1,718.6,723.1,726.0,732.8,740.6,747.1,752.8,758.4,763.0
"Tây Nguyên",3384.8,3563.0,3743.1,3922.2,4096.1,4246.4,4367.5,4465.3,4561.2,4664.2,4768.2,4860.9,4948.0,5036.7,5128.8,5204.4,5282.2,5363.3,5445.8,5525.8,5584.3,5657.1,5725.5,5796.4,5861.3,1708.2,1797.7,1895.3,1987.1,2073.9,2149.0,2210.4,2259.9,2286.9,2349.0,2406.9,2454.4,2491.8,2526.5,2590.7,2637.0,2685.1,2736.3,2773.5,2786.4,2818.4,2854.5,2888.5,2923.7,2955.8,1676.6,1765.3,1847.8,1935.1,2022.2,2097.4,2157.1,2205.4,2274.3,2315.2,2361.3,2406.5,2456.2,2510.2,2538.1,2567.4,2597.0,2627.0,2672.3,2739.4,2765.9,2802.6,2837.0,2872.7,2905.5,820.5,877.8,963.3,1037.7,1098.3,1140.4,1180.5,1215.8,1239.7,1267.8,1305.1,1332.9,1364.9,1389.9,1449.9,1487.2,1511.3,1538.6,1573.6,1599.9,1596.2,1617.1,1638.2,1661.0,1681.7,2564.3,2685.2,2779.8,2884.5,2997.8,3106.0,3187.0,3249.5,3321.5,3396.4,3463.1,3528.0,3583.1,3646.8,3678.9,3717.2,3770.8,3824.7,3872.2,3925.9,3988.1,4039.9,4087.3,4135.4,4179.6
"Kon Tum",279.5,288.3,297.3,306.7,316.6,328.1,339.0,350.2,361.5,373.7,386.0,396.6,408.1,420.5,431.8,442.1,451.6,462.7,473.3,484.2,495.9,507.8,520.1,532.4,543.4,140.5,145.0,149.6,154.4,159.4,165.1,170.6,176.3,181.6,187.7,193.5,199.2,205.0,209.5,218.7,227.6,236.3,246.0,251.9,257.8,249.9,255.8,261.7,267.7,273.1,139.0,143.3,147.7,152.3,157.2,163.0,168.4,173.9,179.9,186.0,192.5,197.4,203.1,211.0,213.1,214.6,215.3,216.7,221.4,226.4,245.9,252.0,258.3,264.6,270.4,63.5,69.8,86.1,93.8,103.4,105.1,109.3,113.6,117.9,122.7,127.4,131.7,136.4,141.4,144.7,150.4,156.0,162.1,166.1,170.8,161.6,164.7,167.8,171.0,173.7,216.0,218.5,211.2,212.9,213.2,223.0,229.7,236.6,243.6,251.0,258.6,264.9,271.7,279.1,287.1,291.7,295.6,300.7,307.1,313.4,334.3,343.1,352.2,361.4,369.7
"Gia Lai",850.7,881.5,912.8,946.1,981.5,1026.3,1065.6,1092.9,1119.1,1147.1,1174.6,1200.5,1225.5,1251.3,1281.0,1301.6,1321.7,1340.5,1359.1,1377.8,1426.4,1447.2,1468.9,1495.7,1520.2,428.9,444.8,460.9,478.1,495.8,518.2,538.1,551.8,556.3,583.8,583.9,611.0,623.7,624.7,643.2,657.2,671.1,684.4,697.9,686.5,715.3,725.5,736.3,749.6,761.7,421.8,436.7,451.9,468.0,485.7,508.1,527.5,541.1,562.8,563.3,590.7,589.5,601.8,626.6,637.8,644.4,650.7,656.0,661.2,691.3,711.1,721.6,732.6,746.1,758.4,191.8,202.0,219.9,231.3,246.1,262.0,275.5,286.0,296.6,307.8,319.1,330.2,341.3,352.9,366.0,382.6,388.3,393.5,399.1,407.1,410.8,417.4,424.3,432.6,440.3,658.9,679.5,692.9,714.8,735.4,764.3,790.1,806.9,822.5,839.3,855.5,870.3,884.2,898.4,915.0,919.0,933.4,946.9,960.0,970.7,1015.6,1029.7,1044.7,1063.1,1079.9
"Ðắk Lắk",1398.3,1501.8,1605.1,1703.1,1793.4,1860.9,1912.2,1954.5,1995.6,1635.6,1658.5,1677.8,1696.6,1715.1,1735.7,1752.7,1770.5,1791.4,1812.8,1833.3,1820.1,1836.4,1850.3,1861.5,1872.6,706.6,757.9,816.4,866.6,911.7,945.6,971.7,993.2,1006.2,825.0,849.2,852.7,855.8,866.0,876.3,884.7,893.5,903.5,912.3,922.5,918.2,926.3,933.2,938.7,944.2,691.7,743.9,788.7,836.5,881.7,915.3,940.5,961.3,989.4,810.6,809.3,825.1,840.8,849.1,859.4,868.0,877.0,887.9,900.5,910.8,902.0,910.1,917.1,922.8,928.4,257.6,266.8,298.6,340.5,359.2,375.8,391.5,406.3,409.4,363.3,367.2,371.8,376.6,378.5,416.4,421.2,426.1,431.3,438.7,444.6,444.8,450.1,454.9,459.1,463.3,1140.7,1235.0,1306.5,1362.6,1434.2,1485.1,1520.7,1548.2,1586.2,1272.3,1291.3,1306.0,1320.0,1336.6,1319.3,1331.5,1344.4,1360.1,1374.1,1388.6,1375.4,1386.3,1395.4,1402.4,1409.3
"Ðắk Nông",..,..,..,..,..,..,..,..,..,403.4,423.6,440.9,457.3,474.4,491.0,503.8,519.6,536.7,555.1,571.3,580.5,594.4,604.9,615.4,625.8,..,..,..,..,..,..,..,..,..,200.1,217.3,218.7,226.8,237.2,255.2,264.1,274.7,286.1,289.9,288.9,300.4,307.1,312.3,317.4,322.5,..,..,..,..,..,..,..,..,..,203.3,206.3,222.2,230.5,237.2,235.8,239.7,244.9,250.7,265.2,282.4,280.1,287.3,292.6,298.0,303.3,..,..,..,..,..,..,..,..,..,51.7,61.8,63.0,69.4,71.1,72.4,75.4,76.2,80.7,84.8,86.9,87.6,89.5,91.6,93.7,95.4,..,..,..,..,..,..,..,..,..,351.7,361.8,377.9,387.9,403.3,418.6,428.5,443.4,456.0,470.3,484.4,492.9,504.9,513.3,521.7,530.4
"Lâm Ðồng",856.3,891.4,927.9,966.3,1004.6,1031.1,1050.7,1067.7,1085.0,1104.4,1125.5,1145.1,1160.5,1175.4,1189.3,1204.1,1218.7,1232.0,1245.4,1259.3,1261.4,1271.3,1281.3,1291.4,1299.3,432.2,450.0,468.4,488.0,507.0,520.1,530.0,538.6,542.8,552.4,563.0,572.8,580.5,589.1,597.3,603.5,609.5,616.4,621.6,630.6,634.6,639.8,645.0,650.2,654.3,424.1,441.4,459.5,478.3,497.6,511.0,520.7,529.1,542.2,552.0,562.5,572.3,580.0,586.3,592.0,600.6,609.2,615.6,623.8,628.7,626.8,631.6,636.4,641.2,645.0,307.6,339.2,358.7,372.1,389.6,397.5,404.2,409.9,415.8,422.3,429.6,436.2,441.2,446.0,450.4,457.6,464.7,471.0,484.8,490.5,491.4,495.4,499.6,504.6,509.0,548.7,552.2,569.2,594.2,615.0,633.6,646.5,657.8,669.2,682.1,695.9,708.9,719.3,729.4,738.9,746.6,754.0,761.0,760.6,768.8,769.9,775.9,781.7,786.8,790.3
"Ðông Nam Bộ",9276.3,9494.5,9715.4,9954.1,10218.8,10604.5,10955.6,11282.1,11629.9,11990.7,12380.6,12822.8,13266.4,13683.6,14149.0,14480.3,14799.6,15130.7,15459.2,15790.3,16448.5,16789.2,17132.6,17527.4,17930.3,4520.2,4634.6,4755.1,4876.0,5005.5,5188.4,5362.0,5522.6,5674.2,5854.7,6045.2,6275.8,6488.0,6691.9,6895.2,7034.0,7170.8,7367.6,7524.0,7655.1,8086.2,8266.5,8448.7,8657.1,8870.4,4756.1,4859.9,4960.3,5078.1,5213.3,5416.1,5593.6,5759.5,5955.7,6136.0,6335.4,6547.0,6778.4,6991.7,7253.8,7446.3,7628.8,7763.1,7935.2,8135.2,8362.3,8522.7,8683.9,8870.3,9059.8,4548.9,4692.0,5284.0,5424.1,5667.0,5834.5,6001.6,6143.4,6322.1,6605.7,6923.1,7263.0,7553.2,7826.2,8114.0,8298.6,9021.1,9189.3,9441.7,9893.9,10279.6,10473.4,10679.9,11018.9,11617.6,4727.4,4802.5,4431.4,4530.0,4551.8,4770.0,4954.0,5138.7,5307.8,5385.0,5457.5,5559.8,5713.2,5857.4,6035.0,6181.7,5778.4,5941.4,6017.5,5896.4,6168.9,6315.9,6452.7,6508.5,6312.7
"Bình Phước",533.2,551.4,572.6,608.1,652.3,682.9,707.9,732.6,754.6,777.4,799.6,819.0,838.3,858.0,875.0,885.8,897.3,908.9,920.7,932.5,947.2,962.7,972.6,984.9,997.8,259.7,273.7,289.2,313.2,336.6,348.0,360.8,373.3,383.0,395.6,406.0,417.0,427.0,436.0,444.3,447.1,452.9,458.7,464.7,464.3,478.9,486.3,491.0,496.9,503.0,273.5,277.7,283.4,294.9,315.7,334.9,347.1,359.3,371.6,381.8,393.6,402.0,411.3,422.0,430.7,438.8,444.4,450.2,456.0,468.2,468.3,476.3,481.6,488.1,494.8,80.9,84.1,88.6,92.1,103.6,106.0,111.0,116.0,121.0,125.0,129.8,134.1,138.4,142.8,146.8,148.7,150.7,152.8,154.9,180.3,196.6,207.0,216.6,227.3,238.5,452.3,467.3,484.0,516.0,548.7,576.9,596.9,616.6,633.6,652.4,669.8,684.9,699.9,715.2,728.2,737.1,746.6,756.1,765.8,752.2,750.6,755.7,755.9,757.6,759.2
"Tây Ninh",910.0,924.1,938.8,953.7,968.0,983.3,996.5,1007.2,1017.9,1029.2,1038.2,1046.4,1053.0,1060.5,1067.2,1074.3,1082.0,1089.7,1096.9,1104.2,1129.9,1139.6,1151.1,1160.7,1171.7,446.2,453.5,460.9,468.7,475.6,482.9,489.4,494.6,499.6,506.5,509.0,515.0,518.0,525.0,531.0,533.4,536.1,538.5,539.8,546.4,563.6,568.8,574.7,579.8,585.5,463.8,470.6,477.9,485.0,492.4,500.4,507.1,512.6,518.3,522.7,529.2,531.4,535.0,535.5,536.2,540.9,545.9,551.2,557.1,557.8,566.3,570.9,576.4,580.9,586.2,107.1,110.8,116.7,120.7,126.0,136.0,140.0,143.0,147.0,151.0,154.5,158.0,161.4,165.0,166.3,167.8,169.4,170.8,173.0,206.5,206.9,207.2,207.5,207.8,208.3,802.9,813.3,822.1,833.0,842.0,847.3,856.5,864.2,870.9,878.2,883.7,888.4,891.6,895.5,900.9,906.4,912.6,918.9,923.9,897.7,923.0,932.5,943.6,952.9,963.4
"Bình Dương",639.0,658.5,679.0,700.1,720.8,779.4,845.5,910.0,973.1,1037.1,1109.3,1203.7,1307.0,1402.7,1512.5,1590.8,1659.1,1731.0,1802.5,1873.6,2069.2,2138.8,2227.2,2345.2,2456.3,309.3,318.7,328.6,338.9,348.7,376.9,408.8,440.0,461.8,496.6,527.0,576.0,626.0,675.0,727.5,764.1,798.0,834.3,869.9,904.4,1022.8,1062.0,1110.9,1175.2,1236.4,329.7,339.8,350.4,361.2,372.1,402.5,436.7,470.0,511.3,540.5,582.3,627.7,681.0,727.7,785.0,826.7,861.1,896.6,932.6,969.2,1046.4,1076.8,1116.2,1170.0,1219.9,111.9,129.4,188.0,211.5,241.0,236.0,256.0,275.0,293.0,312.0,333.8,361.7,392.3,420.5,453.0,503.7,1063.5,1122.5,1162.7,1438.8,1587.5,1632.3,1696.9,1875.7,1961.9,527.1,529.1,491.0,488.6,479.8,543.4,589.5,635.0,680.1,725.1,775.5,842.0,914.7,982.2,1059.5,1087.1,595.6,608.5,639.7,434.7,481.7,506.5,530.3,469.5,494.5
"Ðồng Nai",1844.8,1882.2,1920.0,1959.3,1999.5,2054.1,2093.7,2132.1,2176.1,2220.5,2263.8,2314.9,2372.6,2432.7,2499.7,2571.5,2640.2,2707.8,2772.7,2838.6,2890.0,2951.4,3004.9,3055.1,3113.7,924.0,942.3,960.5,979.7,998.5,1025.3,1045.0,1064.2,1077.5,1101.4,1121.0,1148.0,1177.0,1209.0,1238.0,1269.3,1298.9,1327.8,1355.1,1383.3,1442.4,1475.0,1503.7,1530.8,1562.2,920.8,939.9,959.5,979.6,1001.0,1028.8,1048.7,1067.9,1098.6,1119.1,1142.8,1166.9,1195.6,1223.7,1261.7,1302.2,1341.3,1380.0,1417.6,1455.3,1447.6,1476.4,1501.2,1524.3,1551.5,536.4,547.9,577.0,593.9,613.7,628.0,646.0,664.0,684.0,704.0,724.8,748.2,774.0,801.1,829.3,859.6,889.2,918.9,948.0,978.2,954.2,973.7,990.6,1006.3,1371.8,1308.4,1334.3,1343.0,1365.4,1385.8,1426.1,1447.7,1468.1,1492.1,1516.5,1539.0,1566.7,1598.6,1631.6,1670.4,1711.9,1751.0,1788.9,1824.7,1860.4,1935.8,1977.6,2014.3,2048.7,1742.0
"Bà Rịa - Vũng Tàu",708.9,730.4,752.7,775.6,805.1,829.9,858.0,880.8,899.1,918.9,938.8,955.7,970.2,983.6,998.5,1011.3,1022.5,1033.0,1046.5,1059.5,1104.3,1117.6,1127.2,1138.3,1152.2,354.8,365.8,376.9,388.1,402.8,415.0,429.1,440.5,449.8,460.6,470.0,479.0,486.0,493.0,499.1,505.4,511.0,516.0,521.7,528.9,553.3,560.2,565.3,571.0,578.2,354.1,364.6,375.8,387.5,402.3,414.9,428.9,440.3,449.3,458.3,468.8,476.7,484.2,490.6,499.4,505.9,511.5,517.0,524.8,530.6,551.0,557.4,562.0,567.3,574.0,246.5,271.9,284.9,295.1,337.8,353.0,371.0,388.0,403.0,419.0,435.7,451.3,466.3,481.0,497.8,504.5,510.2,515.1,524.0,535.3,606.8,624.2,639.8,656.7,675.6,462.4,458.5,467.8,480.5,467.3,476.9,487.0,492.8,496.1,499.9,503.1,504.4,503.9,502.6,500.7,506.8,512.2,517.8,522.6,524.3,497.5,493.4,487.4,481.6,476.6
"TP.Hồ Chí Minh",4640.4,4747.9,4852.3,4957.3,5073.1,5274.9,5454.0,5619.4,5809.1,6007.6,6230.9,6483.1,6725.3,6946.1,7196.1,7346.6,7498.4,7660.3,7820.0,7981.9,8307.9,8479.1,8649.6,8843.2,9038.6,2226.2,2280.6,2339.0,2387.4,2443.3,2540.3,2628.9,2710.0,2802.5,2894.0,3012.2,3140.8,3254.0,3353.9,3455.3,3514.7,3573.9,3692.3,3772.8,3828.0,4025.2,4114.2,4203.1,4303.6,4405.1,2414.2,2467.3,2513.3,2569.9,2629.8,2734.6,2825.1,2909.4,3006.6,3113.6,3218.7,3342.3,3471.3,3592.2,3740.8,3831.9,3924.6,3968.0,4047.2,4153.9,4282.7,4364.9,4446.5,4539.7,4633.4,3466.1,3547.9,4028.8,4110.8,4244.9,4375.5,4477.6,4557.4,4674.1,4894.7,5144.5,5409.7,5620.8,5815.8,6020.8,6114.3,6238.0,6309.1,6479.2,6554.7,6727.6,6829.0,6928.5,7045.1,7161.5,1174.3,1200.0,823.5,846.5,828.2,899.4,976.4,1062.0,1135.0,1112.9,1086.4,1073.4,1104.5,1130.3,1175.3,1232.3,1260.4,1351.1,1340.8,1427.2,1580.3,1650.2,1721.2,1798.2,1877.0
"Ðồng bằng sông Cửu Long",15531.9,15693.5,15858.8,16023.5,16184.2,16296.6,16420.3,16533.2,16639.7,16754.1,16859.3,16946.9,17042.0,17129.5,17199.9,17251.3,17306.8,17379.6,17448.7,17517.6,17266.7,17271.6,17279.5,17280.7,17282.5,7574.5,7666.0,7757.3,7850.4,7929.0,7982.3,8043.2,8098.6,8152.9,8208.7,8256.5,8302.6,8359.3,8464.9,8546.6,8572.2,8601.6,8631.5,8655.1,8697.9,8586.5,8590.1,8595.1,8597.1,8599.6,7957.4,8027.5,8101.5,8173.1,8255.2,8314.3,8377.1,8434.6,8486.8,8545.4,8602.8,8644.3,8682.7,8664.6,8653.3,8679.1,8705.1,8748.1,8793.6,8819.7,8680.2,8681.5,8684.3,8683.5,8682.9,2436.5,2488.5,2613.8,2693.7,2775.4,2853.2,2962.0,3027.2,3297.3,3372.6,3443.1,3520.8,3590.8,3689.1,3942.8,4077.1,4214.7,4233.8,4302.7,4361.5,4224.9,4252.0,4279.9,4307.3,4357.7,13095.4,13205.0,13245.0,13329.8,13408.8,13443.4,13458.3,13506.0,13342.4,13381.5,13416.2,13426.1,13451.2,13440.4,13257.1,13174.2,13092.0,13145.8,13146.0,13156.1,13041.9,13019.6,12999.7,12973.4,12924.8
"Long An",1250.8,1265.1,1279.9,1294.8,1311.1,1327.1,1343.1,1356.5,1369.0,1382.2,1393.4,1405.2,1417.9,1428.2,1436.3,1442.8,1449.9,1460.3,1469.9,1477.3,1626.2,1645.2,1662.3,1678.9,1695.1,609.1,617.3,625.7,634.4,642.8,650.4,658.2,664.8,671.2,679.6,683.8,690.9,704.6,709.5,713.3,716.5,720.0,725.2,730.0,733.7,809.7,819.5,828.4,837.1,845.5,641.7,647.8,654.2,660.4,668.3,676.7,684.9,691.7,697.8,702.6,709.6,714.3,713.3,718.7,723.0,726.3,729.9,735.1,739.9,743.6,816.5,825.7,833.9,841.9,849.6,179.1,185.1,194.7,208.6,217.5,217.1,221.4,225.2,229.0,233.0,236.6,240.4,244.4,248.0,251.3,254.6,258.1,260.7,265.0,266.3,270.5,271.3,271.8,272.2,272.5,1071.7,1080.0,1085.2,1086.2,1093.6,1110.0,1121.7,1131.3,1140.0,1149.2,1156.8,1164.8,1173.5,1180.2,1185.0,1188.2,1191.9,1199.7,1204.9,1211.0,1355.8,1373.9,1390.5,1406.7,1422.6
"Tiền Giang",1581.5,1587.4,1593.6,1600.0,1608.4,1613.5,1620.1,1626.7,1634.0,1642.7,1650.1,1655.3,1661.6,1668.0,1672.8,1678.0,1682.6,1692.5,1703.4,1716.1,1728.7,1740.1,1751.8,1759.1,1766.3,762.9,766.8,770.7,775.0,779.1,781.2,784.4,787.6,791.7,797.5,799.6,803.6,806.6,814.7,820.7,825.9,829.5,829.8,835.7,841.7,847.9,853.5,859.3,863.0,866.9,818.6,820.6,822.9,825.0,829.3,832.3,835.7,839.1,842.3,845.2,850.5,851.7,855.0,853.3,852.1,852.1,853.1,862.6,867.7,874.4,880.8,886.6,892.5,896.1,899.4,200.9,202.8,208.5,210.4,214.7,211.7,213.7,215.7,217.8,220.2,222.3,224.2,226.3,228.4,229.0,246.6,265.4,249.5,251.3,264.4,242.0,243.6,245.3,246.3,247.3,1380.6,1384.6,1385.1,1389.6,1393.7,1401.8,1406.4,1411.0,1416.2,1422.5,1427.8,1431.1,1435.3,1439.6,1443.8,1431.4,1417.2,1443.0,1452.1,1451.7,1486.7,1496.5,1506.6,1512.8,1519.0
"Bến Tre",1281.8,1286.8,1291.4,1294.7,1299.1,1297.9,1294.9,1289.0,1282.8,1277.6,1273.2,1269.3,1264.8,1259.6,1256.1,1256.6,1257.4,1258.9,1260.6,1262.2,1275.8,1278.6,1282.4,1286.0,1289.1,618.2,621.4,624.2,626.7,628.7,627.9,626.4,623.6,621.9,620.6,617.5,616.6,615.3,615.5,616.3,616.4,616.7,617.1,617.4,618.9,624.9,626.1,627.8,629.4,630.8,663.6,665.4,667.2,668.0,670.4,670.0,668.5,665.4,660.9,657.0,655.7,652.7,649.5,644.1,639.8,640.2,640.7,641.8,643.2,643.3,650.9,652.5,654.6,656.6,658.4,97.2,101.2,106.4,107.5,115.7,110.3,112.0,113.6,115.2,116.8,118.6,120.4,122.2,124.0,125.7,125.9,126.2,126.4,127.2,129.2,126.1,126.1,126.2,126.3,126.4,1184.6,1185.6,1185.0,1187.2,1183.4,1187.6,1182.9,1175.4,1167.6,1160.8,1154.6,1148.9,1142.6,1135.6,1130.4,1130.7,1131.2,1132.5,1133.3,1133.0,1149.7,1152.5,1156.2,1159.7,1162.7
"Trà Vinh",934.9,942.6,950.8,959.2,969.1,972.0,975.3,979.2,982.5,986.3,990.2,993.7,997.2,1000.8,1003.2,1008.0,1013.1,1018.4,1023.9,1029.3,1006.9,1007.6,1008.1,1008.8,1009.3,459.7,465.4,471.3,477.4,483.3,484.6,486.3,488.2,489.9,491.0,491.9,492.9,493.7,495.0,494.1,496.5,499.0,501.4,503.2,504.9,495.9,496.2,496.4,496.7,496.9,475.2,477.2,479.5,481.8,485.8,487.4,489.0,491.0,492.6,495.3,498.3,500.8,503.5,505.8,509.1,511.5,514.1,517.0,520.7,524.4,511.0,511.4,511.7,512.1,512.4,92.8,99.8,109.3,117.5,125.8,126.6,129.4,132.3,135.2,138.2,141.2,144.3,147.5,150.7,153.7,155.2,159.0,165.3,169.4,172.9,166.5,168.4,169.8,172.0,174.1,842.1,842.8,841.5,841.7,843.3,845.4,845.9,846.9,847.3,848.1,849.0,849.4,849.7,850.1,849.5,852.8,854.1,853.1,854.5,856.3,840.3,839.2,838.3,836.8,835.2
"Vĩnh Long",990.4,995.6,1001.0,1006.4,1012.3,1013.4,1014.6,1015.9,1017.4,1018.8,1020.2,1021.6,1022.8,1024.0,1025.1,1026.5,1029.1,1034.5,1037.8,1041.5,1023.2,1022.8,1022.6,1022.7,1022.6,479.9,482.8,485.7,488.7,491.4,491.8,492.4,493.0,493.5,495.3,496.0,496.6,497.2,501.3,504.6,505.5,507.0,509.9,510.4,512.9,503.9,503.8,503.7,503.8,503.8,510.5,512.8,515.3,517.7,520.9,521.6,522.2,522.9,523.9,523.5,524.2,525.0,525.6,522.7,520.5,521.0,522.1,524.6,527.4,528.6,519.3,519.1,518.9,518.9,518.8,133.0,135.3,140.1,142.4,146.3,145.3,146.6,148.1,149.5,150.8,152.3,153.7,155.2,156.5,156.9,158.0,159.3,161.1,174.0,175.2,168.8,169.1,169.4,169.7,169.8,857.4,860.3,860.9,864.0,866.0,868.1,868.0,867.8,867.9,868.0,867.9,867.9,867.6,867.5,868.2,868.5,869.7,873.4,863.8,866.3,854.4,853.8,853.2,853.0,852.8
"Ðồng Tháp",1489.3,1510.4,1532.5,1556.5,1568.2,1580.6,1592.2,1603.5,1614.3,1626.6,1639.5,1646.8,1654.5,1662.5,1666.6,1669.6,1671.7,1675.0,1678.4,1681.3,1625.6,1619.0,1612.5,1606.1,1598.8,726.2,738.0,750.0,763.4,769.5,775.2,780.9,786.5,792.1,793.8,798.8,803.7,807.5,829.5,830.7,832.1,833.0,834.2,834.0,839.8,811.5,808.4,805.3,802.4,798.9,763.1,772.4,782.5,793.1,798.7,805.4,811.3,817.0,822.2,832.8,840.7,843.1,847.0,833.0,835.9,837.6,838.7,840.9,844.4,841.5,814.1,810.6,807.1,803.7,799.9,194.8,201.6,212.4,219.7,229.4,231.0,237.0,243.1,249.3,255.8,262.6,268.7,274.9,281.4,296.0,296.7,297.1,297.6,299.5,301.0,292.7,292.1,291.6,292.3,304.7,1294.5,1308.8,1320.1,1336.8,1338.8,1349.6,1355.2,1360.4,1365.0,1370.8,1376.9,1378.1,1379.6,1381.1,1370.6,1373.0,1374.6,1377.4,1378.9,1380.3,1333.0,1326.9,1320.9,1313.8,1294.1
"An Giang",1970.1,1990.7,2011.1,2032.5,2055.4,2061.7,2073.8,2085.6,2096.3,2107.4,2118.1,2125.8,2134.3,2142.6,2147.6,2148.3,2149.0,2151.2,2153.3,2155.8,2000.9,1976.4,1954.2,1931.0,1907.4,966.7,978.1,989.1,1001.1,1011.5,1014.1,1020.1,1025.9,1031.6,1035.9,1039.4,1045.0,1049.2,1059.6,1066.9,1067.7,1068.6,1069.7,1069.0,1067.4,993.7,981.5,970.4,958.9,947.1,1003.4,1012.6,1022.0,1031.4,1043.9,1047.6,1053.7,1059.7,1064.7,1071.5,1078.7,1080.8,1085.1,1083.0,1080.7,1080.6,1080.4,1081.5,1084.3,1088.4,1007.1,994.9,983.8,972.2,960.3,368.0,370.9,395.1,398.0,405.3,457.5,472.9,488.8,504.9,521.7,538.9,555.8,573.5,591.7,609.7,640.5,643.0,645.3,653.9,652.3,606.6,605.8,605.6,605.0,602.6,1602.1,1619.8,1616.0,1634.5,1650.1,1604.2,1600.9,1596.8,1591.4,1585.7,1579.2,1570.0,1560.8,1550.9,1537.9,1507.8,1506.0,1505.8,1499.4,1503.5,1394.2,1370.6,1348.6,1326.0,1304.8
"Kiên Giang",1392.0,1422.3,1452.9,1480.3,1504.2,1522.7,1540.9,1559.6,1578.9,1599.1,1619.8,1637.8,1654.9,1672.3,1688.5,1698.7,1710.9,1723.8,1734.3,1745.5,1705.4,1708.7,1712.9,1718.1,1723.7,685.8,702.3,718.7,731.7,740.3,750.6,759.6,768.8,777.0,788.5,800.2,807.6,816.0,834.1,852.2,853.6,860.0,866.3,870.1,874.6,863.0,865.0,867.5,870.5,873.7,706.2,720.0,734.2,748.6,763.9,772.1,781.3,790.8,801.9,810.6,819.6,830.2,838.9,838.2,836.3,845.1,850.9,857.5,864.2,870.9,842.4,843.7,845.4,847.6,850.0,284.8,289.2,310.5,326.1,330.0,341.7,352.8,364.4,376.3,388.9,401.9,414.6,427.5,440.7,454.0,460.1,465.6,470.7,476.3,464.9,473.4,476.9,480.6,484.6,488.8,1107.2,1133.1,1142.4,1154.2,1174.2,1181.0,1188.1,1195.2,1202.6,1210.2,1217.9,1223.2,1227.4,1231.6,1234.5,1238.6,1245.2,1253.1,1258.0,1280.6,1232.0,1231.8,1232.3,1233.5,1234.9
"Cần Thơ",1739.7,1758.8,1778.0,1796.4,1816.8,1830.7,1845.7,1859.9,1873.5,1138.1,1149.0,1160.5,1172.0,1180.9,1188.6,1197.9,1208.0,1218.3,1228.5,1238.3,1208.5,1214.6,1222.4,1227.7,1236.0,851.1,861.6,871.9,882.2,892.2,898.6,906.0,913.0,919.7,559.7,565.3,570.7,577.6,583.6,589.7,594.9,600.4,605.8,610.2,614.2,599.4,602.4,606.3,608.9,612.9,888.6,897.2,906.1,914.2,924.6,932.1,939.7,946.9,953.8,578.4,583.7,589.8,594.4,597.3,598.9,603.0,607.6,612.5,618.3,624.1,609.1,612.2,616.1,618.8,623.0,344.0,349.9,362.5,378.0,387.3,399.8,449.8,456.4,667.7,567.3,573.8,584.9,590.6,615.5,783.2,789.8,799.1,808.0,817.7,825.9,824.1,833.0,842.7,850.6,861.3,1395.7,1408.9,1415.5,1418.4,1429.5,1430.9,1395.9,1403.5,1205.8,570.8,575.2,575.6,581.4,565.4,405.4,408.1,408.9,410.3,410.8,412.4,384.4,381.6,379.8,377.1,374.7
"Hậu Giang",..,..,..,..,..,..,..,..,..,749.8,751.5,752.8,754.7,756.3,758.0,759.8,761.7,763.8,766.2,768.4,742.4,740.1,737.3,734.9,732.2,..,..,..,..,..,..,..,..,..,368.9,368.9,371.2,373.6,377.5,381.4,382.6,383.8,385.0,385.7,383.2,371.9,370.5,368.8,367.4,365.7,..,..,..,..,..,..,..,..,..,380.9,382.6,381.6,381.1,378.8,376.6,377.2,377.9,378.8,380.5,385.2,370.5,369.6,368.5,367.5,366.4,..,..,..,..,..,..,..,..,..,114.3,117.2,124.7,127.2,138.4,149.7,161.6,180.4,181.4,183.4,186.0,171.1,175.0,178.9,183.0,197.7,..,..,..,..,..,..,..,..,..,635.5,634.3,628.1,627.5,617.9,608.3,598.2,581.3,582.4,582.8,582.3,571.3,565.0,558.3,551.9,534.4
"Sóc Trăng",1150.1,1155.9,1162.3,1168.8,1177.9,1193.4,1210.3,1224.6,1237.4,1249.8,1258.6,1265.6,1276.3,1285.1,1293.2,1295.6,1298.4,1301.5,1304.7,1307.7,1236.3,1227.6,1218.3,1208.8,1199.5,558.6,562.2,565.8,569.7,574.1,581.4,589.7,596.6,603.1,609.1,613.4,616.9,622.1,631.3,642.7,643.9,645.3,646.5,646.7,654.8,615.6,611.4,606.9,602.4,597.9,591.5,593.7,596.5,599.1,603.8,612.0,620.6,628.0,634.3,640.7,645.2,648.7,654.2,653.8,650.5,651.7,653.1,655.0,658.0,652.9,620.8,616.2,611.4,606.5,601.6,194.7,197.4,203.8,206.5,211.8,214.7,219.7,224.2,228.6,233.0,236.7,240.2,244.4,248.3,250.6,291.1,359.1,359.7,372.4,417.6,375.8,379.3,382.5,385.5,388.5,955.4,958.5,958.5,962.3,966.1,978.7,990.6,1000.4,1008.8,1016.8,1021.9,1025.4,1031.9,1036.8,1042.6,1004.5,939.3,941.8,932.2,890.2,860.5,848.3,835.8,823.3,811.0
"Bạc Liêu",709.5,716.3,724.2,732.1,738.2,749.7,764.2,777.4,789.1,801.3,812.8,823.8,835.8,847.5,856.8,861.0,864.9,869.3,873.6,877.9,887.3,892.8,897.7,903.0,908.2,343.4,346.8,350.7,355.6,361.6,367.1,374.2,380.7,386.5,389.6,398.2,400.6,406.4,413.0,427.3,429.2,430.3,432.2,433.5,441.7,443.4,446.3,449.0,451.7,454.6,366.1,369.5,373.5,376.5,376.6,382.6,390.0,396.7,402.6,411.7,414.6,423.2,429.4,434.5,429.5,431.8,434.6,437.0,440.1,436.2,443.9,446.4,448.8,451.2,453.7,171.3,172.6,177.2,178.4,181.1,184.7,189.6,194.3,198.7,203.3,207.8,212.2,216.8,221.5,225.6,228.6,232.7,237.1,239.3,231.4,241.3,244.1,246.7,249.5,252.3,538.2,543.7,547.0,553.7,557.1,565.0,574.6,583.1,590.4,598.0,605.0,611.6,619.0,626.0,631.2,632.4,632.3,632.2,634.3,646.5,646.0,648.7,651.0,653.5,656.0
"Cà Mau",1041.8,1061.6,1081.1,1101.8,1123.5,1133.9,1145.2,1155.3,1164.5,1174.4,1182.9,1188.7,1195.2,1201.7,1207.1,1208.5,1210.0,1212.1,1214.2,1216.4,1199.5,1198.1,1197.0,1195.6,1194.3,512.9,523.3,533.5,544.5,554.5,559.4,565.0,569.9,574.7,579.2,583.5,586.3,589.5,600.3,606.7,607.5,608.1,608.4,609.2,610.1,605.7,605.5,605.3,605.1,604.9,528.9,538.3,547.6,557.3,569.0,574.5,580.2,585.4,589.8,595.2,599.4,602.4,605.7,601.4,600.4,601.0,602.0,603.7,605.0,606.3,593.8,592.6,591.6,590.4,589.4,175.9,182.7,193.3,200.6,210.5,212.8,217.1,221.1,225.1,229.3,233.2,236.7,240.3,244.0,257.4,268.5,269.9,271.1,273.3,274.4,266.0,267.3,268.8,270.3,271.7,865.9,878.9,887.8,901.2,913.0,921.1,928.1,934.2,939.4,945.1,949.7,952.0,954.9,957.7,949.7,940.0,940.2,941.0,940.9,942.0,933.6,930.8,928.2,925.3,922.6
